"","from","to","x2","var0","var1","var2","var3","var4","var5","var6","var7","var8","var9","var10","var11","var12","var13","var14","var15","var16","var17","var18","var19","var20","var21","var22","var23","var24","atividade","acesso","acesso_positivo","acesso_negativo","confianca","acessoeconfianca","total","neg_x2","neg_var0","neg_var1","neg_var2","neg_var3","neg_var4","neg_var5","neg_var6","neg_var7","neg_var8","neg_var9","neg_var10","neg_var11","neg_var12","neg_var13","neg_var14","neg_var15","neg_var16","neg_var17","neg_var18","neg_var19","neg_var20","neg_var21","neg_var22","neg_var23","neg_var24","neg_atividade","neg_acesso","neg_acesso_positivo","neg_acesso_negativo","neg_confianca","neg_acessoeconfianca","neg_total","weight","aux_var5","equalone"
"1","CRAS_AS_ CRAS Sudeste Costa Carvalho","UAP_RUR_ Caeté",1,1,1,1,1,0,1,0,3,3,3,3,3,3,1,1,1,3,3,3,3,3,3,2,3,3,4,24,19,5,23,47,51,1,1,1,1,1,0,1,0,1,1,1,1,1,1,1,1,1,1,1,1,1,1,1,0,1,1,4,9,9,5,7,16,20,1,1,1
"2","ASS_HOS_ Serviço de Controle e Prevenção e Tratamento do Tabagismo (SECOPTT)","UAP_RUR_ Humaitá",1,1,1,1,1,1,1,0,3,3,3,3,3,3,1,1,1,3,3,3,3,3,3,3,3,3,5,24,19,5,24,48,53,1,1,1,1,1,1,1,0,1,1,1,1,1,1,1,1,1,1,1,1,1,1,1,1,1,1,5,9,9,5,8,17,22,1,1,1
"3","ASS_HOS_ Serviço de Controle e Prevenção e Tratamento do Tabagismo (SECOPTT)","UAP_RUR_ Igrejinha",1,1,1,1,1,1,1,0,3,3,3,3,3,3,1,1,1,3,3,3,3,3,3,3,3,3,5,24,19,5,24,48,53,1,1,1,1,1,1,1,0,1,1,1,1,1,1,1,1,1,1,1,1,1,1,1,1,1,1,5,9,9,5,8,17,22,1,1,1
"4","ASS_HOS_ Serviço de Controle e Prevenção e Tratamento do Tabagismo (SECOPTT)","UAP_RUR_ Monte Verde",1,1,1,1,1,1,1,0,3,3,3,3,3,3,1,1,1,3,3,3,3,3,3,3,3,3,5,24,19,5,24,48,53,1,1,1,1,1,1,1,0,1,1,1,1,1,1,1,1,1,1,1,1,1,1,1,1,1,1,5,9,9,5,8,17,22,1,1,1
"5","ASS_HOS_ Serviço de Controle e Prevenção e Tratamento do Tabagismo (SECOPTT)","UAP_RUR_ Pirapetinga",1,1,1,1,1,1,1,0,3,3,3,3,3,3,1,1,1,3,3,3,3,3,3,3,3,3,5,24,19,5,24,48,53,1,1,1,1,1,1,1,0,1,1,1,1,1,1,1,1,1,1,1,1,1,1,1,1,1,1,5,9,9,5,8,17,22,1,1,1
"6","ENT_SOC_ Território Aliança pela Vida  Zona Norte","UAP_RUR_ Rosário de Minas",1,1,1,1,1,1,1,0,3,3,3,3,3,3,3,1,1,3,3,3,3,3,3,3,3,3,5,26,21,5,24,50,55,1,1,1,1,1,1,1,0,1,1,1,1,1,1,-1,1,1,1,1,1,1,1,1,1,1,1,5,7,7,5,8,15,20,1,1,1
"7","CRAS_AS_ CRAS Sudeste Costa Carvalho","UAP_RUR_ Sarandira",1,1,1,1,1,0,1,0,3,3,3,3,3,3,1,1,1,3,3,3,3,3,3,2,3,3,4,24,19,5,23,47,51,1,1,1,1,1,0,1,0,1,1,1,1,1,1,1,1,1,1,1,1,1,1,1,0,1,1,4,9,9,5,7,16,20,1,1,1
"8","ASS_HOS_ Serviço de Controle e Prevenção e Tratamento do Tabagismo (SECOPTT)","UAP_RUR_ Torreões",1,1,1,1,1,1,1,0,3,3,3,3,3,3,1,1,1,3,3,3,3,3,3,3,3,3,5,24,19,5,24,48,53,1,1,1,1,1,1,1,0,1,1,1,1,1,1,1,1,1,1,1,1,1,1,1,1,1,1,5,9,9,5,8,17,22,1,1,1
"9","ASS_HOS_ Serviço de Controle e Prevenção e Tratamento do Tabagismo (SECOPTT)","UAP_RUR_ Valadares",1,1,1,1,1,1,1,0,3,3,3,3,3,3,1,1,1,3,3,3,3,3,3,3,3,3,5,24,19,5,24,48,53,1,1,1,1,1,1,1,0,1,1,1,1,1,1,1,1,1,1,1,1,1,1,1,1,1,1,5,9,9,5,8,17,22,1,1,1
"10","CRE_SOC_ CREAS Idoso e Mulher","UAP_URB_ Centro Sul",1,1,1,1,1,0,1,0,3,3,3,3,2,2,2,1,1,3,2,3,3,3,3,2,3,3,4,23,18,5,22,45,49,1,1,1,1,1,0,1,0,1,1,1,1,0,0,0,1,1,1,0,1,1,1,1,0,1,1,4,6,6,5,6,12,16,1,1,1
"11","ASS_HOS_ Centro de Referência em Álcool e Drogas (RADCAS)  Hospital Universitário","UAP_URB_ Dom Bosco",1,1,0,1,1,0,1,0,3,3,1,1,3,2,1,1,1,3,3,3,2,2,3,1,3,3,3,19,14,5,20,39,42,1,1,0,1,1,0,1,0,1,1,-1,-1,1,0,1,1,1,1,1,1,0,0,1,-1,1,1,3,4,4,5,4,8,11,1,1,1
"12","ASS_HOS_ Serviço de Controle e Prevenção e Tratamento do Tabagismo (SECOPTT)","UAP_URB_ Dom Bosco",1,1,1,1,1,1,1,0,3,3,3,3,3,3,1,1,1,3,3,3,3,3,3,3,3,3,5,24,19,5,24,48,53,1,1,1,1,1,1,1,0,1,1,1,1,1,1,1,1,1,1,1,1,1,1,1,1,1,1,5,9,9,5,8,17,22,1,1,1
"13","CAPS_CO_ CAPS HU","UAP_URB_ Dom Bosco",1,1,1,1,1,0,1,0,3,3,3,3,2,2,1,1,1,3,3,3,3,2,3,1,3,3,4,22,17,5,21,43,47,1,1,1,1,1,0,1,0,1,1,1,1,0,0,1,1,1,1,1,1,1,0,1,-1,1,1,4,7,7,5,5,12,16,1,1,1
"14","CRE_SOC_ CREAS Idoso e Mulher","UAP_URB_ Dom Bosco",1,1,1,1,1,0,1,0,3,3,3,3,2,2,2,1,1,3,2,3,3,3,3,2,3,3,4,23,18,5,22,45,49,1,1,1,1,1,0,1,0,1,1,1,1,0,0,0,1,1,1,0,1,1,1,1,0,1,1,4,6,6,5,6,12,16,1,1,1
"15","ASS_HOS_ Serviço de Controle e Prevenção e Tratamento do Tabagismo (SECOPTT)","UAP_URB_ Santa Cecília",1,1,1,1,1,1,1,0,3,3,3,3,3,3,1,1,1,3,3,3,3,3,3,3,3,3,5,24,19,5,24,48,53,1,1,1,1,1,1,1,0,1,1,1,1,1,1,1,1,1,1,1,1,1,1,1,1,1,1,5,9,9,5,8,17,22,1,1,1
"16","CRE_SOC_ CREAS Idoso e Mulher","UAP_URB_ Santa Cecília",1,1,1,1,1,0,1,0,3,3,3,3,2,2,2,1,1,3,2,3,3,3,3,2,3,3,4,23,18,5,22,45,49,1,1,1,1,1,0,1,0,1,1,1,1,0,0,0,1,1,1,0,1,1,1,1,0,1,1,4,6,6,5,6,12,16,1,1,1
"17","ENT_SOC_ Território Aliança pela Vida  Zona Norte","UAP_URB_ Benfica",1,1,1,0,0,0,1,0,3,3,3,3,3,3,3,1,1,3,3,3,3,3,3,3,3,3,2,26,21,5,24,50,52,1,1,1,0,0,0,1,0,1,1,1,1,1,1,-1,1,1,1,1,1,1,1,1,1,1,1,2,7,7,5,8,15,17,1,1,1
"18","ASS_HOS_ Serviço de Controle e Prevenção e Tratamento do Tabagismo (SECOPTT)","UAP_URB_ Cidade do Sol",1,1,1,1,1,1,1,0,3,3,3,3,3,3,1,1,1,3,3,3,3,3,3,3,3,3,5,24,19,5,24,48,53,1,1,1,1,1,1,1,0,1,1,1,1,1,1,1,1,1,1,1,1,1,1,1,1,1,1,5,9,9,5,8,17,22,1,1,1
"19","ASS_HOS_ Serviço de Controle e Prevenção e Tratamento do Tabagismo (SECOPTT)","UAP_URB_ Monte Castelo",1,1,1,1,1,1,1,0,3,3,3,3,3,3,1,1,1,3,3,3,3,3,3,3,3,3,5,24,19,5,24,48,53,1,1,1,1,1,1,1,0,1,1,1,1,1,1,1,1,1,1,1,1,1,1,1,1,1,1,5,9,9,5,8,17,22,1,1,1
"20","AJU_MUT_ Escritório de Serviços Locais dos Álcoólicos Anônimos de Juiz de Fora","UAP_URB_ Nova Era",1,0,1,1,0,0,1,0,3,3,3,2,3,3,1,1,1,3,3,3,1,3,3,3,3,3,3,23,18,5,22,45,48,1,0,1,1,0,0,1,0,1,1,1,0,1,1,1,1,1,1,1,1,-1,1,1,1,1,1,3,8,8,5,6,14,17,1,1,1
"21","ENT_SOC_ Território Aliança pela Vida  Zona Norte","UAP_URB_ Nova Era",1,1,1,1,1,1,1,0,3,3,3,3,3,3,3,1,1,3,3,3,3,3,3,3,3,3,5,26,21,5,24,50,55,1,1,1,1,1,1,1,0,1,1,1,1,1,1,-1,1,1,1,1,1,1,1,1,1,1,1,5,7,7,5,8,15,20,1,1,1
"22","AJU_MUT_ Escritório de Serviços Locais dos Álcoólicos Anônimos de Juiz de Fora","UAP_URB_ Santa Cruz",1,0,1,1,0,0,1,0,3,3,3,2,3,3,1,1,1,3,3,3,1,3,3,3,3,3,3,23,18,5,22,45,48,1,0,1,1,0,0,1,0,1,1,1,0,1,1,1,1,1,1,1,1,-1,1,1,1,1,1,3,8,8,5,6,14,17,1,1,1
"23","ENT_SOC_ Território Aliança pela Vida  Zona Norte","UAP_URB_ Santa Cruz",1,1,1,0,1,1,1,0,3,3,3,3,3,3,3,1,1,3,3,3,3,3,3,3,3,3,4,26,21,5,24,50,54,1,1,1,0,1,1,1,0,1,1,1,1,1,1,-1,1,1,1,1,1,1,1,1,1,1,1,4,7,7,5,8,15,19,1,1,1
"24","ENT_SOC_ Território Aliança pela Vida  Zona Norte","UAP_URB_ São Judas Tadeu",1,1,1,1,1,1,1,0,3,3,3,3,3,3,3,1,1,3,3,3,3,3,3,3,3,3,5,26,21,5,24,50,55,1,1,1,1,1,1,1,0,1,1,1,1,1,1,-1,1,1,1,1,1,1,1,1,1,1,1,5,7,7,5,8,15,20,1,1,1
"25","ASS_HOS_ Serviço de Controle e Prevenção e Tratamento do Tabagismo (SECOPTT)","UAP_URB_ São Judas Tadeu",1,1,1,1,1,1,1,0,3,3,3,3,3,3,1,1,1,3,3,3,3,3,3,3,3,3,5,24,19,5,24,48,53,1,1,1,1,1,1,1,0,1,1,1,1,1,1,1,1,1,1,1,1,1,1,1,1,1,1,5,9,9,5,8,17,22,1,1,1
"26","AJU_MUT_ ALANON Grupo Harmonia","UAP_URB_ Alto Grajaú",1,0,0,1,0,0,1,0,3,1,2,2,3,3,1,1,1,3,3,3,3,3,3,3,3,3,2,20,15,5,24,44,46,1,0,0,1,0,0,1,0,1,-1,0,0,1,1,1,1,1,1,1,1,1,1,1,1,1,1,2,5,5,5,8,13,15,1,1,1
"27","ASS_HOS_ Serviço de Controle e Prevenção e Tratamento do Tabagismo (SECOPTT)","UAP_URB_ Alto Grajaú",1,1,1,1,1,1,1,0,3,3,3,3,3,3,1,1,1,3,3,3,3,3,3,3,3,3,5,24,19,5,24,48,53,1,1,1,1,1,1,1,0,1,1,1,1,1,1,1,1,1,1,1,1,1,1,1,1,1,1,5,9,9,5,8,17,22,1,1,1
"28","CAPS_CO_ CAPS Leste","UAP_URB_ Alto Grajaú",1,1,1,1,1,0,1,0,3,3,3,3,3,3,1,3,3,3,3,3,3,3,3,3,3,3,4,28,19,9,24,52,56,1,1,1,1,1,0,1,0,1,1,1,1,1,1,1,-1,-1,1,1,1,1,1,1,1,1,1,4,5,9,9,8,13,17,1,1,1
"29","CRE_SOC_ CREAS Idoso e Mulher","UAP_URB_ Alto Grajaú",1,1,1,1,1,0,1,0,3,3,3,3,2,2,2,1,1,3,2,3,3,3,3,2,3,3,4,23,18,5,22,45,49,1,1,1,1,1,0,1,0,1,1,1,1,0,0,0,1,1,1,0,1,1,1,1,0,1,1,4,6,6,5,6,12,16,1,1,1
"30","CAPS_CO_ CAPS Leste","UAP_URB_ Filgueiras",1,1,1,1,1,0,1,0,3,3,3,3,3,3,1,3,3,3,3,3,3,3,3,3,3,3,4,28,19,9,24,52,56,1,1,1,1,1,0,1,0,1,1,1,1,1,1,1,-1,-1,1,1,1,1,1,1,1,1,1,4,5,9,9,8,13,17,1,1,1
"31","CRE_SOC_ CREAS Idoso e Mulher","UAP_URB_ Filgueiras",1,1,1,1,1,0,1,0,3,3,3,3,2,2,2,1,1,3,2,3,3,3,3,2,3,3,4,23,18,5,22,45,49,1,1,1,1,1,0,1,0,1,1,1,1,0,0,0,1,1,1,0,1,1,1,1,0,1,1,4,6,6,5,6,12,16,1,1,1
"32","CAPS_CO_ CAPS Leste","UAP_URB_ Linhares",1,1,1,1,1,0,1,0,1,1,1,1,1,3,1,3,3,1,2,2,3,3,3,1,3,3,4,16,9,7,20,36,40,1,1,1,1,1,0,1,0,-1,-1,-1,-1,-1,1,1,-1,-1,-1,0,0,1,1,1,-1,1,1,4,-5,-1,7,4,-1,3,1,1,1
"33","CRE_SOC_ CREAS Idoso e Mulher","UAP_URB_ Linhares",1,1,1,1,1,0,1,0,3,3,3,3,2,2,2,1,1,3,2,3,3,3,3,2,3,3,4,23,18,5,22,45,49,1,1,1,1,1,0,1,0,1,1,1,1,0,0,0,1,1,1,0,1,1,1,1,0,1,1,4,6,6,5,6,12,16,1,1,1
"34","CAPS_CO_ CAPS Leste","UAP_URB_ Marumbí",1,1,1,1,1,0,1,0,3,3,3,3,3,3,1,3,3,3,3,3,3,3,3,3,3,3,4,28,19,9,24,52,56,1,1,1,1,1,0,1,0,1,1,1,1,1,1,1,-1,-1,1,1,1,1,1,1,1,1,1,4,5,9,9,8,13,17,1,1,1
"35","CRE_SOC_ CREAS Idoso e Mulher","UAP_URB_ Marumbí",1,1,1,1,1,0,1,0,3,3,3,3,2,2,2,1,1,3,2,3,3,3,3,2,3,3,4,23,18,5,22,45,49,1,1,1,1,1,0,1,0,1,1,1,1,0,0,0,1,1,1,0,1,1,1,1,0,1,1,4,6,6,5,6,12,16,1,1,1
"36","ASS_HOS_ Serviço de Controle e Prevenção e Tratamento do Tabagismo (SECOPTT)","UAP_URB_ Nossa Senhora Aparecida",1,1,1,1,1,1,1,0,3,3,3,3,3,3,1,1,1,3,3,3,3,3,3,3,3,3,5,24,19,5,24,48,53,1,1,1,1,1,1,1,0,1,1,1,1,1,1,1,1,1,1,1,1,1,1,1,1,1,1,5,9,9,5,8,17,22,1,1,1
"37","CAPS_CO_ CAPS Leste","UAP_URB_ Nossa Senhora Aparecida",1,1,1,1,1,0,1,0,3,3,3,3,3,3,1,3,3,3,3,3,3,3,3,3,3,3,4,28,19,9,24,52,56,1,1,1,1,1,0,1,0,1,1,1,1,1,1,1,-1,-1,1,1,1,1,1,1,1,1,1,4,5,9,9,8,13,17,1,1,1
"38","CRE_SOC_ CREAS Idoso e Mulher","UAP_URB_ Nossa Senhora Aparecida",1,1,1,1,1,0,1,0,3,3,3,3,2,2,2,1,1,3,2,3,3,3,3,2,3,3,4,23,18,5,22,45,49,1,1,1,1,1,0,1,0,1,1,1,1,0,0,0,1,1,1,0,1,1,1,1,0,1,1,4,6,6,5,6,12,16,1,1,1
"39","CAPS_CO_ CAPS Leste","UAP_URB_ Progresso",1,1,1,1,1,0,1,0,3,3,3,3,3,3,1,3,3,3,3,3,3,3,3,3,3,3,4,28,19,9,24,52,56,1,1,1,1,1,0,1,0,1,1,1,1,1,1,1,-1,-1,1,1,1,1,1,1,1,1,1,4,5,9,9,8,13,17,1,1,1
"40","CRE_SOC_ CREAS Idoso e Mulher","UAP_URB_ Progresso",1,1,1,1,1,0,1,0,3,3,3,3,2,2,2,1,1,3,2,3,3,3,3,2,3,3,4,23,18,5,22,45,49,1,1,1,1,1,0,1,0,1,1,1,1,0,0,0,1,1,1,0,1,1,1,1,0,1,1,4,6,6,5,6,12,16,1,1,1
"41","ASS_HOS_ Serviço de Controle e Prevenção e Tratamento do Tabagismo (SECOPTT)","UAP_URB_ Santa Cândida/São Sebastião",1,1,1,1,1,1,1,0,3,3,3,3,3,3,1,1,1,3,3,3,3,3,3,3,3,3,5,24,19,5,24,48,53,1,1,1,1,1,1,1,0,1,1,1,1,1,1,1,1,1,1,1,1,1,1,1,1,1,1,5,9,9,5,8,17,22,1,1,1
"42","CAPS_CO_ CAPS Leste","UAP_URB_ Santa Cândida/São Sebastião",1,1,1,1,1,0,1,0,3,3,3,3,3,3,1,3,3,3,3,3,3,3,3,3,3,3,4,28,19,9,24,52,56,1,1,1,1,1,0,1,0,1,1,1,1,1,1,1,-1,-1,1,1,1,1,1,1,1,1,1,4,5,9,9,8,13,17,1,1,1
"43","CRE_SOC_ CREAS Idoso e Mulher","UAP_URB_ Santa Cândida/São Sebastião",1,1,1,1,1,0,1,0,3,3,3,3,2,2,2,1,1,3,2,3,3,3,3,2,3,3,4,23,18,5,22,45,49,1,1,1,1,1,0,1,0,1,1,1,1,0,0,0,1,1,1,0,1,1,1,1,0,1,1,4,6,6,5,6,12,16,1,1,1
"44","CAPS_CO_ CAPS Leste","UAP_URB_ Santa Rita",1,1,1,1,1,0,1,0,3,3,3,3,3,3,1,3,3,3,3,3,3,3,3,3,3,3,4,28,19,9,24,52,56,1,1,1,1,1,0,1,0,1,1,1,1,1,1,1,-1,-1,1,1,1,1,1,1,1,1,1,4,5,9,9,8,13,17,1,1,1
"45","CRE_SOC_ CREAS Idoso e Mulher","UAP_URB_ Santa Rita",1,1,1,1,1,0,1,0,3,3,3,3,2,2,2,1,1,3,2,3,3,3,3,2,3,3,4,23,18,5,22,45,49,1,1,1,1,1,0,1,0,1,1,1,1,0,0,0,1,1,1,0,1,1,1,1,0,1,1,4,6,6,5,6,12,16,1,1,1
"46","ASS_HOS_ Serviço de Controle e Prevenção e Tratamento do Tabagismo (SECOPTT)","UAP_URB_ São Benedito",1,1,1,1,1,1,1,0,3,3,3,3,3,3,1,1,1,3,3,3,3,3,3,3,3,3,5,24,19,5,24,48,53,1,1,1,1,1,1,1,0,1,1,1,1,1,1,1,1,1,1,1,1,1,1,1,1,1,1,5,9,9,5,8,17,22,1,1,1
"47","CAPS_CO_ CAPS Leste","UAP_URB_ São Benedito",1,1,1,1,1,0,1,0,3,3,3,3,3,3,1,3,3,3,3,3,3,3,3,3,3,3,4,28,19,9,24,52,56,1,1,1,1,1,0,1,0,1,1,1,1,1,1,1,-1,-1,1,1,1,1,1,1,1,1,1,4,5,9,9,8,13,17,1,1,1
"48","CRE_SOC_ CREAS Idoso e Mulher","UAP_URB_ São Benedito",1,1,1,1,1,0,1,0,3,3,3,3,2,2,2,1,1,3,2,3,3,3,3,2,3,3,4,23,18,5,22,45,49,1,1,1,1,1,0,1,0,1,1,1,1,0,0,0,1,1,1,0,1,1,1,1,0,1,1,4,6,6,5,6,12,16,1,1,1
"49","ASS_HOS_ Serviço de Controle e Prevenção e Tratamento do Tabagismo (SECOPTT)","UAP_URB_ Bairro de Lourdes",1,1,1,1,1,1,1,0,3,3,3,3,3,3,1,1,1,3,3,3,3,3,3,3,3,3,5,24,19,5,24,48,53,1,1,1,1,1,1,1,0,1,1,1,1,1,1,1,1,1,1,1,1,1,1,1,1,1,1,5,9,9,5,8,17,22,1,1,1
"50","CRAS_AS_ CRAS Sudeste Costa Carvalho","UAP_URB_ Bairro de Lourdes",1,1,1,1,1,0,1,0,3,3,3,3,3,3,1,1,1,3,3,3,3,3,3,2,3,3,4,24,19,5,23,47,51,1,1,1,1,1,0,1,0,1,1,1,1,1,1,1,1,1,1,1,1,1,1,1,0,1,1,4,9,9,5,7,16,20,1,1,1
"51","CRE_SOC_ CREAS Idoso e Mulher","UAP_URB_ Bairro de Lourdes",1,1,1,1,1,0,1,0,3,3,3,3,2,2,2,1,1,3,2,3,3,3,3,2,3,3,4,23,18,5,22,45,49,1,1,1,1,1,0,1,0,1,1,1,1,0,0,0,1,1,1,0,1,1,1,1,0,1,1,4,6,6,5,6,12,16,1,1,1
"52","ASS_HOS_ Serviço de Controle e Prevenção e Tratamento do Tabagismo (SECOPTT)","UAP_URB_ Furtado de Menezes",1,1,1,1,1,1,1,0,3,3,3,3,3,3,1,1,1,3,3,3,3,3,3,3,3,3,5,24,19,5,24,48,53,1,1,1,1,1,1,1,0,1,1,1,1,1,1,1,1,1,1,1,1,1,1,1,1,1,1,5,9,9,5,8,17,22,1,1,1
"53","CAPS_AD","UAP_URB_ Furtado de Menezes",1,1,1,1,1,1,1,0,3,3,3,3,3,3,1,3,1,2,3,3,3,3,3,3,3,3,5,25,19,6,24,49,54,1,1,1,1,1,1,1,0,1,1,1,1,1,1,1,-1,1,0,1,1,1,1,1,1,1,1,5,7,9,6,8,15,20,1,1,1
"54","CRE_SOC_ CREAS Idoso e Mulher","UAP_URB_ Furtado de Menezes",1,1,1,1,1,0,1,0,3,3,3,3,2,2,2,1,1,3,2,3,3,3,3,2,3,3,4,23,18,5,22,45,49,1,1,1,1,1,0,1,0,1,1,1,1,0,0,0,1,1,1,0,1,1,1,1,0,1,1,4,6,6,5,6,12,16,1,1,1
"55","CRAS_AS_ CRAS Sudeste Costa Carvalho","UAP_URB_ Jardim da Lua",1,1,1,1,1,0,1,0,3,3,3,3,3,3,1,1,1,3,3,3,3,3,3,2,3,3,4,24,19,5,23,47,51,1,1,1,1,1,0,1,0,1,1,1,1,1,1,1,1,1,1,1,1,1,1,1,0,1,1,4,9,9,5,7,16,20,1,1,1
"56","CRE_SOC_ CREAS Idoso e Mulher","UAP_URB_ Jardim da Lua",1,1,1,1,1,0,1,0,3,3,3,3,2,2,2,1,1,3,2,3,3,3,3,2,3,3,4,23,18,5,22,45,49,1,1,1,1,1,0,1,0,1,1,1,1,0,0,0,1,1,1,0,1,1,1,1,0,1,1,4,6,6,5,6,12,16,1,1,1
"57","ASS_HOS_ Serviço de Controle e Prevenção e Tratamento do Tabagismo (SECOPTT)","UAP_URB_ Jardim Esperança",1,1,1,1,1,1,1,0,3,3,3,3,3,3,1,1,1,3,3,3,3,3,3,3,3,3,5,24,19,5,24,48,53,1,1,1,1,1,1,1,0,1,1,1,1,1,1,1,1,1,1,1,1,1,1,1,1,1,1,5,9,9,5,8,17,22,1,1,1
"58","CRAS_AS_ CRAS Sudeste Costa Carvalho","UAP_URB_ Jardim Esperança",1,1,1,1,1,0,1,0,3,3,3,3,3,3,1,1,1,3,3,3,3,3,3,2,3,3,4,24,19,5,23,47,51,1,1,1,1,1,0,1,0,1,1,1,1,1,1,1,1,1,1,1,1,1,1,1,0,1,1,4,9,9,5,7,16,20,1,1,1
"59","CRE_SOC_ CREAS Idoso e Mulher","UAP_URB_ Jardim Esperança",1,1,1,1,1,0,1,0,3,3,3,3,2,2,2,1,1,3,2,3,3,3,3,2,3,3,4,23,18,5,22,45,49,1,1,1,1,1,0,1,0,1,1,1,1,0,0,0,1,1,1,0,1,1,1,1,0,1,1,4,6,6,5,6,12,16,1,1,1
"60","CRAS_AS_ CRAS Sudeste Costa Carvalho","UAP_URB_ Retiro",1,1,1,1,1,0,1,0,3,3,3,3,3,3,1,1,1,3,3,3,3,3,3,2,3,3,4,24,19,5,23,47,51,1,1,1,1,1,0,1,0,1,1,1,1,1,1,1,1,1,1,1,1,1,1,1,0,1,1,4,9,9,5,7,16,20,1,1,1
"61","CRE_SOC_ CREAS Idoso e Mulher","UAP_URB_ Retiro",1,1,1,1,1,0,1,0,3,3,3,3,2,2,2,1,1,3,2,3,3,3,3,2,3,3,4,23,18,5,22,45,49,1,1,1,1,1,0,1,0,1,1,1,1,0,0,0,1,1,1,0,1,1,1,1,0,1,1,4,6,6,5,6,12,16,1,1,1
"62","CRAS_AS_ CRAS Sudeste Costa Carvalho","UAP_URB_ Santo Antônio",1,1,1,1,1,0,1,0,3,3,3,3,3,3,1,1,1,3,3,3,3,3,3,2,3,3,4,24,19,5,23,47,51,1,1,1,1,1,0,1,0,1,1,1,1,1,1,1,1,1,1,1,1,1,1,1,0,1,1,4,9,9,5,7,16,20,1,1,1
"63","CRE_SOC_ CREAS Idoso e Mulher","UAP_URB_ Santo Antônio",1,1,1,1,1,0,1,0,3,3,3,3,2,2,2,1,1,3,2,3,3,3,3,2,3,3,4,23,18,5,22,45,49,1,1,1,1,1,0,1,0,1,1,1,1,0,0,0,1,1,1,0,1,1,1,1,0,1,1,4,6,6,5,6,12,16,1,1,1
"64","ENT_SOC_ Associação Casa Viva","UAP_URB_ Vila Ideal",1,1,1,1,1,1,1,0,3,3,3,3,3,3,1,2,1,3,2,2,3,3,3,3,3,3,5,25,19,6,22,47,52,1,1,1,1,1,1,1,0,1,1,1,1,1,1,1,0,1,1,0,0,1,1,1,1,1,1,5,8,9,6,6,14,19,1,1,1
"65","ASS_HOS_ Serviço de Controle e Prevenção e Tratamento do Tabagismo (SECOPTT)","UAP_URB_ Vila Ideal",1,1,1,1,1,1,1,0,3,3,3,3,3,3,1,1,1,3,3,3,3,3,3,3,3,3,5,24,19,5,24,48,53,1,1,1,1,1,1,1,0,1,1,1,1,1,1,1,1,1,1,1,1,1,1,1,1,1,1,5,9,9,5,8,17,22,1,1,1
"66","CAPS_AD","UAP_URB_ Vila Ideal",1,1,1,1,1,1,1,0,3,3,3,3,3,3,1,3,1,2,3,3,3,3,3,3,3,3,5,25,19,6,24,49,54,1,1,1,1,1,1,1,0,1,1,1,1,1,1,1,-1,1,0,1,1,1,1,1,1,1,1,5,7,9,6,8,15,20,1,1,1
"67","CRE_SOC_ CREAS Idoso e Mulher","UAP_URB_ Vila Ideal",1,1,1,1,1,0,1,0,3,3,3,3,2,2,2,1,1,3,2,3,3,3,3,2,3,3,4,23,18,5,22,45,49,1,1,1,1,1,0,1,0,1,1,1,1,0,0,0,1,1,1,0,1,1,1,1,0,1,1,4,6,6,5,6,12,16,1,1,1
"68","CON_RUA_ Equipe de Consultório na Rua (UAPS de referência Vila Ideal)","UAP_URB_ Vila Ideal",1,1,1,1,1,1,1,0,3,3,3,3,3,3,1,1,1,2,2,2,3,3,3,3,3,3,5,23,19,4,22,45,50,1,1,1,1,1,1,1,0,1,1,1,1,1,1,1,1,1,0,0,0,1,1,1,1,1,1,5,9,9,4,6,15,20,1,1,1
"69","CON_RUA_ Equipe de Consultório na Rua (Associação Casa Viva)","UAP_URB_ Vila Ideal",1,1,1,1,1,1,1,0,3,3,3,3,3,3,1,1,1,2,2,2,3,3,3,3,3,3,5,23,19,4,22,45,50,1,1,1,1,1,1,1,0,1,1,1,1,1,1,1,1,1,0,0,0,1,1,1,1,1,1,5,9,9,4,6,15,20,1,1,1
"70","CAPS_AD","UAP_URB_ Vila Olavo Costa",1,1,1,1,1,1,1,0,3,3,3,3,3,3,1,3,1,2,3,3,3,3,3,3,3,3,5,25,19,6,24,49,54,1,1,1,1,1,1,1,0,1,1,1,1,1,1,1,-1,1,0,1,1,1,1,1,1,1,1,5,7,9,6,8,15,20,1,1,1
"71","CRE_SOC_ CREAS Idoso e Mulher","UAP_URB_ Vila Olavo Costa",1,1,1,1,1,0,1,0,3,3,3,3,2,2,2,1,1,3,2,3,3,3,3,2,3,3,4,23,18,5,22,45,49,1,1,1,1,1,0,1,0,1,1,1,1,0,0,0,1,1,1,0,1,1,1,1,0,1,1,4,6,6,5,6,12,16,1,1,1
"72","CRE_SOC_ CREAS Idoso e Mulher","UAP_URB_ Cruzeiro do Sul",1,1,1,1,1,0,1,0,3,3,3,3,2,2,2,1,1,3,2,3,3,3,3,2,3,3,4,23,18,5,22,45,49,1,1,1,1,1,0,1,0,1,1,1,1,0,0,0,1,1,1,0,1,1,1,1,0,1,1,4,6,6,5,6,12,16,1,1,1
"73","CRE_SOC_ CREAS Idoso e Mulher","UAP_URB_ Ipiranga",1,1,1,1,1,0,1,0,3,3,3,3,2,2,2,1,1,3,2,3,3,3,3,2,3,3,4,23,18,5,22,45,49,1,1,1,1,1,0,1,0,1,1,1,1,0,0,0,1,1,1,0,1,1,1,1,0,1,1,4,6,6,5,6,12,16,1,1,1
"74","ASS_HOS_ Serviço de Controle e Prevenção e Tratamento do Tabagismo (SECOPTT)","UAP_URB_ Santa Efigênia",1,1,1,1,1,1,1,0,3,3,3,3,3,3,1,1,1,3,3,3,3,3,3,3,3,3,5,24,19,5,24,48,53,1,1,1,1,1,1,1,0,1,1,1,1,1,1,1,1,1,1,1,1,1,1,1,1,1,1,5,9,9,5,8,17,22,1,1,1
"75","CRE_SOC_ CREAS Idoso e Mulher","UAP_URB_ Santa Efigênia",1,1,1,1,1,0,1,0,3,3,3,3,2,2,2,1,1,3,2,3,3,3,3,2,3,3,4,23,18,5,22,45,49,1,1,1,1,1,0,1,0,1,1,1,1,0,0,0,1,1,1,0,1,1,1,1,0,1,1,4,6,6,5,6,12,16,1,1,1
"76","ASS_HOS_ Serviço de Controle e Prevenção e Tratamento do Tabagismo (SECOPTT)","UAP_URB_ Santa Luzia",1,1,1,1,1,1,1,0,3,3,3,3,3,3,1,1,1,3,3,3,3,3,3,3,3,3,5,24,19,5,24,48,53,1,1,1,1,1,1,1,0,1,1,1,1,1,1,1,1,1,1,1,1,1,1,1,1,1,1,5,9,9,5,8,17,22,1,1,1
"77","CAPS_AD","UAP_URB_ Santa Luzia",1,1,1,1,1,1,1,0,3,3,3,3,3,3,1,3,1,2,3,3,3,3,3,3,3,3,5,25,19,6,24,49,54,1,1,1,1,1,1,1,0,1,1,1,1,1,1,1,-1,1,0,1,1,1,1,1,1,1,1,5,7,9,6,8,15,20,1,1,1
"78","CRE_SOC_ CREAS Idoso e Mulher","UAP_URB_ Santa Luzia",1,1,1,1,1,0,1,0,3,3,3,3,2,2,2,1,1,3,2,3,3,3,3,2,3,3,4,23,18,5,22,45,49,1,1,1,1,1,0,1,0,1,1,1,1,0,0,0,1,1,1,0,1,1,1,1,0,1,1,4,6,6,5,6,12,16,1,1,1
"79","ASS_HOS_ Centro de Referência em Álcool e Drogas (RADCAS)  Hospital Universitário","UAP_URB_ Teixeiras",1,1,0,1,1,0,1,0,3,3,1,1,3,2,1,1,1,3,3,3,2,2,3,1,3,3,3,19,14,5,20,39,42,1,1,0,1,1,0,1,0,1,1,-1,-1,1,0,1,1,1,1,1,1,0,0,1,-1,1,1,3,4,4,5,4,8,11,1,1,1
"80","CAPS_CO_ CAPS HU","UAP_URB_ Teixeiras",1,1,1,1,1,0,1,0,3,3,3,3,2,2,1,1,1,3,3,3,3,2,3,1,3,3,4,22,17,5,21,43,47,1,1,1,1,1,0,1,0,1,1,1,1,0,0,1,1,1,1,1,1,1,0,1,-1,1,1,4,7,7,5,5,12,16,1,1,1
"81","CRE_SOC_ CREAS Idoso e Mulher","UAP_URB_ Teixeiras",1,1,1,1,1,0,1,0,3,3,3,3,2,2,2,1,1,3,2,3,3,3,3,2,3,3,4,23,18,5,22,45,49,1,1,1,1,1,0,1,0,1,1,1,1,0,0,0,1,1,1,0,1,1,1,1,0,1,1,4,6,6,5,6,12,16,1,1,1
"82","CRE_SOC_ CREAS Idoso e Mulher","UAP_URB_ Vale Verde",1,1,1,1,1,0,1,0,3,3,3,3,2,2,2,1,1,3,2,3,3,3,3,2,3,3,4,23,18,5,22,45,49,1,1,1,1,1,0,1,0,1,1,1,1,0,0,0,1,1,1,0,1,1,1,1,0,1,1,4,6,6,5,6,12,16,1,1,1
"83","CAPS_CO_ CAPS Leste","UAP_URB_ Bandeirantes",1,1,1,1,1,0,1,0,3,3,3,3,3,3,1,3,3,3,3,3,3,3,3,3,3,3,4,28,19,9,24,52,56,1,1,1,1,1,0,1,0,1,1,1,1,1,1,1,-1,-1,1,1,1,1,1,1,1,1,1,4,5,9,9,8,13,17,1,1,1
"84","CRE_SOC_ CREAS Idoso e Mulher","UAP_URB_ Bandeirantes",1,1,1,1,1,0,1,0,3,3,3,3,2,2,2,1,1,3,2,3,3,3,3,2,3,3,4,23,18,5,22,45,49,1,1,1,1,1,0,1,0,1,1,1,1,0,0,0,1,1,1,0,1,1,1,1,0,1,1,4,6,6,5,6,12,16,1,1,1
"85","CAPS_CO_ CAPS Leste","UAP_URB_ Grama",1,1,1,1,1,0,1,0,3,3,3,3,3,3,1,3,3,3,3,3,3,3,3,3,3,3,4,28,19,9,24,52,56,1,1,1,1,1,0,1,0,1,1,1,1,1,1,1,-1,-1,1,1,1,1,1,1,1,1,1,4,5,9,9,8,13,17,1,1,1
"86","CRE_SOC_ CREAS Idoso e Mulher","UAP_URB_ Grama",1,1,1,1,1,0,1,0,3,3,3,3,2,2,2,1,1,3,2,3,3,3,3,2,3,3,4,23,18,5,22,45,49,1,1,1,1,1,0,1,0,1,1,1,1,0,0,0,1,1,1,0,1,1,1,1,0,1,1,4,6,6,5,6,12,16,1,1,1
"87","CAPS_CO_ CAPS Leste","UAP_URB_ Granjas Betânea",1,1,1,1,1,0,1,0,3,3,3,3,3,3,1,3,3,3,3,3,3,3,3,3,3,3,4,28,19,9,24,52,56,1,1,1,1,1,0,1,0,1,1,1,1,1,1,1,-1,-1,1,1,1,1,1,1,1,1,1,4,5,9,9,8,13,17,1,1,1
"88","CRE_SOC_ CREAS Idoso e Mulher","UAP_URB_ Granjas Betânea",1,1,1,1,1,0,1,0,3,3,3,3,2,2,2,1,1,3,2,3,3,3,3,2,3,3,4,23,18,5,22,45,49,1,1,1,1,1,0,1,0,1,1,1,1,0,0,0,1,1,1,0,1,1,1,1,0,1,1,4,6,6,5,6,12,16,1,1,1
"89","ASS_HOS_ Serviço de Controle e Prevenção e Tratamento do Tabagismo (SECOPTT)","UAP_URB_ Nossa Senhora das Graças",1,1,1,1,1,1,1,0,3,3,3,3,3,3,1,1,1,3,3,3,3,3,3,3,3,3,5,24,19,5,24,48,53,1,1,1,1,1,1,1,0,1,1,1,1,1,1,1,1,1,1,1,1,1,1,1,1,1,1,5,9,9,5,8,17,22,1,1,1
"90","CAPS_CO_ CAPS Leste","UAP_URB_ Nossa Senhora das Graças",1,1,1,1,1,0,1,0,3,3,3,3,3,3,1,3,3,3,3,3,3,3,3,3,3,3,4,28,19,9,24,52,56,1,1,1,1,1,0,1,0,1,1,1,1,1,1,1,-1,-1,1,1,1,1,1,1,1,1,1,4,5,9,9,8,13,17,1,1,1
"91","CRE_SOC_ CREAS Idoso e Mulher","UAP_URB_ Nossa Senhora das Graças",1,1,1,1,1,0,1,0,3,3,3,3,2,2,2,1,1,3,2,3,3,3,3,2,3,3,4,23,18,5,22,45,49,1,1,1,1,1,0,1,0,1,1,1,1,0,0,0,1,1,1,0,1,1,1,1,0,1,1,4,6,6,5,6,12,16,1,1,1
"92","CRE_SOC_ CREAS Idoso e Mulher","UAP_URB_ Parque Guarani",1,1,1,1,1,0,1,0,3,3,3,3,2,2,2,1,1,3,2,3,3,3,3,2,3,3,4,23,18,5,22,45,49,1,1,1,1,1,0,1,0,1,1,1,1,0,0,0,1,1,1,0,1,1,1,1,0,1,1,4,6,6,5,6,12,16,1,1,1
"93","ASS_HOS_ Centro de Referência em Álcool e Drogas (RADCAS)  Hospital Universitário","UAP_URB_ Borboleta",1,1,0,1,1,0,1,0,3,3,1,1,3,2,1,1,1,3,3,3,2,2,3,1,3,3,3,19,14,5,20,39,42,1,1,0,1,1,0,1,0,1,1,-1,-1,1,0,1,1,1,1,1,1,0,0,1,-1,1,1,3,4,4,5,4,8,11,1,1,1
"94","ASS_HOS_ Serviço de Controle e Prevenção e Tratamento do Tabagismo (SECOPTT)","UAP_URB_ Borboleta",1,1,1,1,1,1,1,0,3,3,3,3,3,3,1,1,1,3,3,3,3,3,3,3,3,3,5,24,19,5,24,48,53,1,1,1,1,1,1,1,0,1,1,1,1,1,1,1,1,1,1,1,1,1,1,1,1,1,1,5,9,9,5,8,17,22,1,1,1
"95","CAPS_CO_ CAPS HU","UAP_URB_ Borboleta",1,1,1,1,1,0,1,0,2,3,3,3,2,2,1,1,1,3,2,2,3,2,3,1,3,3,4,21,16,5,19,40,44,1,1,1,1,1,0,1,0,0,1,1,1,0,0,1,1,1,1,0,0,1,0,1,-1,1,1,4,6,6,5,3,9,13,1,1,1
"96","CRE_SOC_ CREAS Idoso e Mulher","UAP_URB_ Borboleta",1,1,1,1,1,0,1,0,3,3,3,3,2,2,2,1,1,3,2,3,3,3,3,2,3,3,4,23,18,5,22,45,49,1,1,1,1,1,0,1,0,1,1,1,1,0,0,0,1,1,1,0,1,1,1,1,0,1,1,4,6,6,5,6,12,16,1,1,1
"97","ASS_HOS_ Centro de Referência em Álcool e Drogas (RADCAS)  Hospital Universitário","UAP_URB_ Santos Dumont",1,1,0,1,1,0,1,0,3,3,1,1,3,2,1,1,1,3,3,3,2,2,3,1,3,3,3,19,14,5,20,39,42,1,1,0,1,1,0,1,0,1,1,-1,-1,1,0,1,1,1,1,1,1,0,0,1,-1,1,1,3,4,4,5,4,8,11,1,1,1
"98","ASS_HOS_ Serviço de Controle e Prevenção e Tratamento do Tabagismo (SECOPTT)","UAP_URB_ Santos Dumont",1,1,1,1,1,1,1,0,3,3,3,3,3,3,1,1,1,3,3,3,3,3,3,3,3,3,5,24,19,5,24,48,53,1,1,1,1,1,1,1,0,1,1,1,1,1,1,1,1,1,1,1,1,1,1,1,1,1,1,5,9,9,5,8,17,22,1,1,1
"99","CAPS_CO_ CAPS HU","UAP_URB_ Santos Dumont",1,1,1,1,1,0,1,0,3,3,3,3,2,2,1,1,1,3,3,3,3,2,3,1,3,3,4,22,17,5,21,43,47,1,1,1,1,1,0,1,0,1,1,1,1,0,0,1,1,1,1,1,1,1,0,1,-1,1,1,4,7,7,5,5,12,16,1,1,1
"100","CRE_SOC_ CREAS Idoso e Mulher","UAP_URB_ Santos Dumont",1,1,1,1,1,0,1,0,3,3,3,3,2,2,2,1,1,3,2,3,3,3,3,2,3,3,4,23,18,5,22,45,49,1,1,1,1,1,0,1,0,1,1,1,1,0,0,0,1,1,1,0,1,1,1,1,0,1,1,4,6,6,5,6,12,16,1,1,1
"101","ASS_HOS_ Centro de Referência em Álcool e Drogas (RADCAS)  Hospital Universitário","UAP_URB_ São Pedro",1,1,0,1,1,0,1,0,3,3,1,1,3,2,1,1,1,3,3,3,2,2,3,1,3,3,3,19,14,5,20,39,42,1,1,0,1,1,0,1,0,1,1,-1,-1,1,0,1,1,1,1,1,1,0,0,1,-1,1,1,3,4,4,5,4,8,11,1,1,1
"102","ASS_HOS_ Serviço de Controle e Prevenção e Tratamento do Tabagismo (SECOPTT)","UAP_URB_ São Pedro",1,1,1,1,1,1,1,0,3,3,3,3,3,3,1,1,1,3,3,3,3,3,3,3,3,3,5,24,19,5,24,48,53,1,1,1,1,1,1,1,0,1,1,1,1,1,1,1,1,1,1,1,1,1,1,1,1,1,1,5,9,9,5,8,17,22,1,1,1
"103","CAPS_CO_ CAPS HU","UAP_URB_ São Pedro",1,1,1,1,1,0,1,0,3,3,3,3,2,2,1,1,1,3,3,3,3,2,3,1,3,3,4,22,17,5,21,43,47,1,1,1,1,1,0,1,0,1,1,1,1,0,0,1,1,1,1,1,1,1,0,1,-1,1,1,4,7,7,5,5,12,16,1,1,1
"104","CRE_SOC_ CREAS Idoso e Mulher","UAP_URB_ São Pedro",1,1,1,1,1,0,1,0,3,3,3,3,2,2,2,1,1,3,2,3,3,3,3,2,3,3,4,23,18,5,22,45,49,1,1,1,1,1,0,1,0,1,1,1,1,0,0,0,1,1,1,0,1,1,1,1,0,1,1,4,6,6,5,6,12,16,1,1,1
"105","AJU_MUT_ Escritório de Serviços Locais dos Álcoólicos Anônimos de Juiz de Fora","AJU_MUT_ ALANON Grupo Harmonia",1,0,1,1,0,0,1,0,3,3,3,2,3,3,1,1,1,3,3,3,3,3,3,3,3,3,3,23,18,5,24,47,50,1,0,1,1,0,0,1,0,1,1,1,0,1,1,1,1,1,1,1,1,1,1,1,1,1,1,3,8,8,5,8,16,19,1,1,1
"106","AJU_MUT_ Escritório de Serviços Locais dos Álcoólicos Anônimos de Juiz de Fora","AJU_MUT_ ALANON Grupo Libertação",1,0,1,1,0,0,1,0,3,3,3,2,3,3,1,1,1,3,3,3,3,3,3,3,3,3,3,23,18,5,24,47,50,1,0,1,1,0,0,1,0,1,1,1,0,1,1,1,1,1,1,1,1,1,1,1,1,1,1,3,8,8,5,8,16,19,1,1,1
"107","AJU_MUT_ Grupo A.A Primeiro Passo","AJU_MUT_ ALANON Grupo Só Por Hoje",1,1,0,1,0,1,1,1,3,3,3,3,3,3,1,1,1,3,3,3,3,3,3,3,3,3,4,24,19,5,24,48,52,1,1,0,1,0,1,1,1,1,1,1,1,1,1,1,1,1,1,1,1,1,1,1,1,1,1,4,9,9,5,8,17,21,1,1,1
"108","AJU_MUT_ Escritório de Serviços Locais dos Álcoólicos Anônimos de Juiz de Fora","AJU_MUT_ ALANON Grupo Só Por Hoje",1,0,1,1,0,0,1,0,3,3,3,2,3,3,1,1,1,3,3,3,3,3,3,3,3,3,3,23,18,5,24,47,50,1,0,1,1,0,0,1,0,1,1,1,0,1,1,1,1,1,1,1,1,1,1,1,1,1,1,3,8,8,5,8,16,19,1,1,1
"109","AJU_MUT_ Grupo A.A Primeiro Passo","AJU_MUT_ Grupo A.A Juiz de Fora (Sala de abordagem)",1,1,0,1,0,1,1,1,3,3,3,3,3,3,1,1,1,3,3,3,3,3,3,3,3,3,4,24,19,5,24,48,52,1,1,0,1,0,1,1,1,1,1,1,1,1,1,1,1,1,1,1,1,1,1,1,1,1,1,4,9,9,5,8,17,21,1,1,1
"110","AJU_MUT_ Escritório de Serviços Locais dos Álcoólicos Anônimos de Juiz de Fora","AJU_MUT_ Grupo A.A Juiz de Fora (Sala de abordagem)",1,0,1,1,0,0,1,0,3,3,3,2,3,3,1,1,1,3,3,3,3,3,3,3,3,3,3,23,18,5,24,47,50,1,0,1,1,0,0,1,0,1,1,1,0,1,1,1,1,1,1,1,1,1,1,1,1,1,1,3,8,8,5,8,16,19,1,1,1
"111","AJU_MUT_ Grupo A.A Primeiro Passo","AJU_MUT_ Grupo A.A. Central",1,1,0,1,0,1,1,1,3,3,3,3,3,3,1,1,1,3,3,3,3,3,3,3,3,3,4,24,19,5,24,48,52,1,1,0,1,0,1,1,1,1,1,1,1,1,1,1,1,1,1,1,1,1,1,1,1,1,1,4,9,9,5,8,17,21,1,1,1
"112","AJU_MUT_ Escritório de Serviços Locais dos Álcoólicos Anônimos de Juiz de Fora","AJU_MUT_ Grupo A.A. Central",1,0,1,1,0,0,1,0,3,3,3,2,3,3,1,1,1,3,3,3,3,3,3,3,3,3,3,23,18,5,24,47,50,1,0,1,1,0,0,1,0,1,1,1,0,1,1,1,1,1,1,1,1,1,1,1,1,1,1,3,8,8,5,8,16,19,1,1,1
"113","AJU_MUT_ ALANON Grupo Harmonia","AJU_MUT_ Grupo A.A. Libertação",1,0,0,1,0,0,1,0,2,3,3,3,3,3,1,1,1,3,3,3,3,3,3,3,3,3,2,23,18,5,24,47,49,1,0,0,1,0,0,1,0,0,1,1,1,1,1,1,1,1,1,1,1,1,1,1,1,1,1,2,8,8,5,8,16,18,1,1,1
"114","AJU_MUT_ Grupo A.A Primeiro Passo","AJU_MUT_ Grupo A.A. Libertação",1,1,0,1,0,1,1,1,3,3,3,3,3,3,1,1,1,3,3,3,3,3,3,3,3,3,4,24,19,5,24,48,52,1,1,0,1,0,1,1,1,1,1,1,1,1,1,1,1,1,1,1,1,1,1,1,1,1,1,4,9,9,5,8,17,21,1,1,1
"115","AJU_MUT_ Escritório de Serviços Locais dos Álcoólicos Anônimos de Juiz de Fora","AJU_MUT_ Grupo A.A. Libertação",1,0,1,1,0,0,1,0,3,3,3,2,3,3,1,1,1,3,3,3,3,3,3,3,3,3,3,23,18,5,24,47,50,1,0,1,1,0,0,1,0,1,1,1,0,1,1,1,1,1,1,1,1,1,1,1,1,1,1,3,8,8,5,8,16,19,1,1,1
"116","AJU_MUT_ Grupo A.A Primeiro Passo","AJU_MUT_ Grupo A.A. Reunidos",1,1,0,1,0,1,1,1,3,3,3,3,3,3,1,1,1,3,3,3,3,3,3,3,3,3,4,24,19,5,24,48,52,1,1,0,1,0,1,1,1,1,1,1,1,1,1,1,1,1,1,1,1,1,1,1,1,1,1,4,9,9,5,8,17,21,1,1,1
"117","AJU_MUT_ Escritório de Serviços Locais dos Álcoólicos Anônimos de Juiz de Fora","AJU_MUT_ Grupo A.A. Reunidos",1,0,1,1,0,0,1,0,3,3,3,2,3,3,1,1,1,3,3,3,3,3,3,3,3,3,3,23,18,5,24,47,50,1,0,1,1,0,0,1,0,1,1,1,0,1,1,1,1,1,1,1,1,1,1,1,1,1,1,3,8,8,5,8,16,19,1,1,1
"118","AJU_MUT_ Grupo A.A Primeiro Passo","AJU_MUT_ Grupo N.A. Glória",1,1,0,1,0,1,1,1,3,3,3,3,3,3,1,1,1,3,3,3,3,3,3,3,3,3,4,24,19,5,24,48,52,1,1,0,1,0,1,1,1,1,1,1,1,1,1,1,1,1,1,1,1,1,1,1,1,1,1,4,9,9,5,8,17,21,1,1,1
"119","AJU_MUT_ Grupo A.A Primeiro Passo","AJU_MUT_ Grupo N.A. Libertação",1,1,0,1,0,1,1,1,3,3,3,3,3,3,1,1,1,3,3,3,3,3,3,3,3,3,4,24,19,5,24,48,52,1,1,0,1,0,1,1,1,1,1,1,1,1,1,1,1,1,1,1,1,1,1,1,1,1,1,4,9,9,5,8,17,21,1,1,1
"120","EA_DQCT_ Centro de Tratamento Deville","AJU_MUT_ Grupo N.A. Libertação",1,0,1,0,1,1,1,0,3,3,3,3,3,3,1,3,1,3,3,2,1,2,3,3,3,3,4,26,19,7,20,46,50,1,0,1,0,1,1,1,0,1,1,1,1,1,1,1,-1,1,1,1,0,-1,0,1,1,1,1,4,7,9,7,4,11,15,1,1,1
"121","AJU_MUT_ Grupo A.A Primeiro Passo","AJU_MUT_ NARANON Grupo Glória",1,1,0,1,0,1,1,1,3,3,3,3,3,3,1,1,1,3,3,3,3,3,3,3,3,3,4,24,19,5,24,48,52,1,1,0,1,0,1,1,1,1,1,1,1,1,1,1,1,1,1,1,1,1,1,1,1,1,1,4,9,9,5,8,17,21,1,1,1
"122","AJU_MUT_ Grupo A.A Primeiro Passo","AJU_MUT_ NARANON Grupo Parque Halfeld",1,1,0,1,0,1,1,1,3,3,3,3,3,3,1,1,1,3,3,3,3,3,3,3,3,3,4,24,19,5,24,48,52,1,1,0,1,0,1,1,1,1,1,1,1,1,1,1,1,1,1,1,1,1,1,1,1,1,1,4,9,9,5,8,17,21,1,1,1
"123","AJU_MUT_ Grupo A.A Primeiro Passo","AJU_MUT_ Pastoral da Sobriedade",1,1,0,1,0,1,1,1,3,3,3,3,3,3,1,1,1,3,3,3,3,3,3,3,3,3,4,24,19,5,24,48,52,1,1,0,1,0,1,1,1,1,1,1,1,1,1,1,1,1,1,1,1,1,1,1,1,1,1,4,9,9,5,8,17,21,1,1,1
"124","AJU_MUT_ Grupo A.A Primeiro Passo","AJU_MUT_ Grupo A.A. Azul e Branco",1,1,0,1,0,1,1,1,3,3,3,3,3,3,1,1,1,3,3,3,3,3,3,3,3,3,4,24,19,5,24,48,52,1,1,0,1,0,1,1,1,1,1,1,1,1,1,1,1,1,1,1,1,1,1,1,1,1,1,4,9,9,5,8,17,21,1,1,1
"125","AJU_MUT_ Escritório de Serviços Locais dos Álcoólicos Anônimos de Juiz de Fora","AJU_MUT_ Grupo A.A. Azul e Branco",1,0,1,1,0,0,1,0,3,3,3,2,3,3,1,1,1,3,3,3,3,3,3,3,3,3,3,23,18,5,24,47,50,1,0,1,1,0,0,1,0,1,1,1,0,1,1,1,1,1,1,1,1,1,1,1,1,1,1,3,8,8,5,8,16,19,1,1,1
"126","AJU_MUT_ Grupo A.A Primeiro Passo","AJU_MUT_ NARANON Grupo Renascer",1,1,0,1,0,1,1,1,3,3,3,3,3,3,1,1,1,3,3,3,3,3,3,3,3,3,4,24,19,5,24,48,52,1,1,0,1,0,1,1,1,1,1,1,1,1,1,1,1,1,1,1,1,1,1,1,1,1,1,4,9,9,5,8,17,21,1,1,1
"127","AJU_MUT_ Grupo A.A Primeiro Passo","AJU_MUT_ Grupo A.A. 29 de Junho",1,1,0,1,0,1,1,1,3,3,3,3,3,3,1,1,1,3,3,3,3,3,3,3,3,3,4,24,19,5,24,48,52,1,1,0,1,0,1,1,1,1,1,1,1,1,1,1,1,1,1,1,1,1,1,1,1,1,1,4,9,9,5,8,17,21,1,1,1
"128","AJU_MUT_ Escritório de Serviços Locais dos Álcoólicos Anônimos de Juiz de Fora","AJU_MUT_ Grupo A.A. 29 de Junho",1,0,1,1,0,0,1,0,3,3,3,2,3,3,1,1,1,3,3,3,3,3,3,3,3,3,3,23,18,5,24,47,50,1,0,1,1,0,0,1,0,1,1,1,0,1,1,1,1,1,1,1,1,1,1,1,1,1,1,3,8,8,5,8,16,19,1,1,1
"129","AJU_MUT_ Grupo A.A Primeiro Passo","AJU_MUT_ Grupo A.A. Cidade do Sol",1,1,0,1,0,1,1,1,3,3,3,3,3,3,1,1,1,3,3,3,3,3,3,3,3,3,4,24,19,5,24,48,52,1,1,0,1,0,1,1,1,1,1,1,1,1,1,1,1,1,1,1,1,1,1,1,1,1,1,4,9,9,5,8,17,21,1,1,1
"130","AJU_MUT_ Escritório de Serviços Locais dos Álcoólicos Anônimos de Juiz de Fora","AJU_MUT_ Grupo A.A. Cidade do Sol",1,0,1,1,0,0,1,0,3,3,3,2,3,3,1,1,1,3,3,3,3,3,3,3,3,3,3,23,18,5,24,47,50,1,0,1,1,0,0,1,0,1,1,1,0,1,1,1,1,1,1,1,1,1,1,1,1,1,1,3,8,8,5,8,16,19,1,1,1
"131","AJU_MUT_ Grupo A.A Primeiro Passo","AJU_MUT_ Grupo A.A. Caminho Da Salvação",1,1,0,1,0,1,1,1,3,3,3,3,3,3,1,1,1,3,3,3,3,3,3,3,3,3,4,24,19,5,24,48,52,1,1,0,1,0,1,1,1,1,1,1,1,1,1,1,1,1,1,1,1,1,1,1,1,1,1,4,9,9,5,8,17,21,1,1,1
"132","AJU_MUT_ Escritório de Serviços Locais dos Álcoólicos Anônimos de Juiz de Fora","AJU_MUT_ Grupo A.A. Caminho Da Salvação",1,0,1,1,0,0,1,0,3,3,3,2,3,3,1,1,1,3,3,3,3,3,3,3,3,3,3,23,18,5,24,47,50,1,0,1,1,0,0,1,0,1,1,1,0,1,1,1,1,1,1,1,1,1,1,1,1,1,1,3,8,8,5,8,16,19,1,1,1
"133","AJU_MUT_ Grupo A.A Primeiro Passo","AJU_MUT_ Grupo A.A. Dois de Março",1,1,0,1,0,1,1,1,3,3,3,3,3,3,1,1,1,3,3,3,3,3,3,3,3,3,4,24,19,5,24,48,52,1,1,0,1,0,1,1,1,1,1,1,1,1,1,1,1,1,1,1,1,1,1,1,1,1,1,4,9,9,5,8,17,21,1,1,1
"134","AJU_MUT_ Escritório de Serviços Locais dos Álcoólicos Anônimos de Juiz de Fora","AJU_MUT_ Grupo A.A. Dois de Março",1,0,1,1,0,0,1,0,3,3,3,2,3,3,1,1,1,3,3,3,3,3,3,3,3,3,3,23,18,5,24,47,50,1,0,1,1,0,0,1,0,1,1,1,0,1,1,1,1,1,1,1,1,1,1,1,1,1,1,3,8,8,5,8,16,19,1,1,1
"135","AJU_MUT_ Grupo A.A Primeiro Passo","AJU_MUT_ Grupo A.A. Corrente da Sobriedade",1,1,0,1,0,1,1,1,3,3,3,3,3,3,1,1,1,3,3,3,3,3,3,3,3,3,4,24,19,5,24,48,52,1,1,0,1,0,1,1,1,1,1,1,1,1,1,1,1,1,1,1,1,1,1,1,1,1,1,4,9,9,5,8,17,21,1,1,1
"136","AJU_MUT_ Escritório de Serviços Locais dos Álcoólicos Anônimos de Juiz de Fora","AJU_MUT_ Grupo A.A. Corrente da Sobriedade",1,0,1,1,0,0,1,0,3,3,3,2,3,3,1,1,1,3,3,3,3,3,3,3,3,3,3,23,18,5,24,47,50,1,0,1,1,0,0,1,0,1,1,1,0,1,1,1,1,1,1,1,1,1,1,1,1,1,1,3,8,8,5,8,16,19,1,1,1
"137","AJU_MUT_ Grupo A.A Primeiro Passo","AJU_MUT_ Grupo A.A. Milho Branco",1,1,0,1,0,1,1,1,3,3,3,3,3,3,1,1,1,3,3,3,3,3,3,3,3,3,4,24,19,5,24,48,52,1,1,0,1,0,1,1,1,1,1,1,1,1,1,1,1,1,1,1,1,1,1,1,1,1,1,4,9,9,5,8,17,21,1,1,1
"138","AJU_MUT_ Escritório de Serviços Locais dos Álcoólicos Anônimos de Juiz de Fora","AJU_MUT_ Grupo A.A. Milho Branco",1,0,1,1,0,0,1,0,3,3,3,2,3,3,1,1,1,3,3,3,3,3,3,3,3,3,3,23,18,5,24,47,50,1,0,1,1,0,0,1,0,1,1,1,0,1,1,1,1,1,1,1,1,1,1,1,1,1,1,3,8,8,5,8,16,19,1,1,1
"139","AJU_MUT_ Grupo A.A Primeiro Passo","AJU_MUT_ Grupo A.A. Luz Divina",1,1,0,1,0,1,1,1,3,3,3,3,3,3,1,1,1,3,3,3,3,3,3,3,3,3,4,24,19,5,24,48,52,1,1,0,1,0,1,1,1,1,1,1,1,1,1,1,1,1,1,1,1,1,1,1,1,1,1,4,9,9,5,8,17,21,1,1,1
"140","AJU_MUT_ Escritório de Serviços Locais dos Álcoólicos Anônimos de Juiz de Fora","AJU_MUT_ Grupo A.A. Luz Divina",1,0,1,1,0,0,1,0,3,3,3,2,3,3,1,1,1,3,3,3,3,3,3,3,3,3,3,23,18,5,24,47,50,1,0,1,1,0,0,1,0,1,1,1,0,1,1,1,1,1,1,1,1,1,1,1,1,1,1,3,8,8,5,8,16,19,1,1,1
"141","AJU_MUT_ Grupo A.A Primeiro Passo","AJU_MUT_ Grupo A.A. Nova Era",1,1,0,1,0,1,1,1,3,3,3,3,3,3,1,1,1,3,3,3,3,3,3,3,3,3,4,24,19,5,24,48,52,1,1,0,1,0,1,1,1,1,1,1,1,1,1,1,1,1,1,1,1,1,1,1,1,1,1,4,9,9,5,8,17,21,1,1,1
"142","AJU_MUT_ Escritório de Serviços Locais dos Álcoólicos Anônimos de Juiz de Fora","AJU_MUT_ Grupo A.A. Nova Era",1,0,1,1,0,0,1,0,3,3,3,2,3,3,1,1,1,3,3,3,3,3,3,3,3,3,3,23,18,5,24,47,50,1,0,1,1,0,0,1,0,1,1,1,0,1,1,1,1,1,1,1,1,1,1,1,1,1,1,3,8,8,5,8,16,19,1,1,1
"143","AJU_MUT_ Grupo A.A Primeiro Passo","AJU_MUT_ Grupo A.A União",1,1,0,1,0,1,1,1,3,3,3,3,3,3,1,1,1,3,3,3,3,3,3,3,3,3,4,24,19,5,24,48,52,1,1,0,1,0,1,1,1,1,1,1,1,1,1,1,1,1,1,1,1,1,1,1,1,1,1,4,9,9,5,8,17,21,1,1,1
"144","AJU_MUT_ Escritório de Serviços Locais dos Álcoólicos Anônimos de Juiz de Fora","AJU_MUT_ Grupo A.A União",1,0,1,1,0,0,1,0,3,3,3,2,3,3,1,1,1,3,3,3,3,3,3,3,3,3,3,23,18,5,24,47,50,1,0,1,1,0,0,1,0,1,1,1,0,1,1,1,1,1,1,1,1,1,1,1,1,1,1,3,8,8,5,8,16,19,1,1,1
"145","AJU_MUT_ Grupo A.A Primeiro Passo","AJU_MUT_ Grupo A.A. Bairu",1,1,0,1,0,1,1,1,3,3,3,3,3,3,1,1,1,3,3,3,3,3,3,3,3,3,4,24,19,5,24,48,52,1,1,0,1,0,1,1,1,1,1,1,1,1,1,1,1,1,1,1,1,1,1,1,1,1,1,4,9,9,5,8,17,21,1,1,1
"146","AJU_MUT_ Escritório de Serviços Locais dos Álcoólicos Anônimos de Juiz de Fora","AJU_MUT_ Grupo A.A. Bairu",1,0,1,1,0,0,1,0,3,3,3,2,3,3,1,1,1,3,3,3,3,3,3,3,3,3,3,23,18,5,24,47,50,1,0,1,1,0,0,1,0,1,1,1,0,1,1,1,1,1,1,1,1,1,1,1,1,1,1,3,8,8,5,8,16,19,1,1,1
"147","AJU_MUT_ Grupo A.A Primeiro Passo","AJU_MUT_ Grupo N.A. Caminho Verdade",1,1,0,1,0,1,1,1,3,3,3,3,3,3,1,1,1,3,3,3,3,3,3,3,3,3,4,24,19,5,24,48,52,1,1,0,1,0,1,1,1,1,1,1,1,1,1,1,1,1,1,1,1,1,1,1,1,1,1,4,9,9,5,8,17,21,1,1,1
"148","AJU_MUT_ Grupo A.A Primeiro Passo","AJU_MUT_ Grupo A.A. Bonfim",1,1,0,1,0,1,1,1,3,3,3,3,3,3,1,1,1,3,3,3,3,3,3,3,3,3,4,24,19,5,24,48,52,1,1,0,1,0,1,1,1,1,1,1,1,1,1,1,1,1,1,1,1,1,1,1,1,1,1,4,9,9,5,8,17,21,1,1,1
"149","AJU_MUT_ Escritório de Serviços Locais dos Álcoólicos Anônimos de Juiz de Fora","AJU_MUT_ Grupo A.A. Bonfim",1,0,1,1,0,0,1,0,3,3,3,2,3,3,1,1,1,3,3,3,3,3,3,3,3,3,3,23,18,5,24,47,50,1,0,1,1,0,0,1,0,1,1,1,0,1,1,1,1,1,1,1,1,1,1,1,1,1,1,3,8,8,5,8,16,19,1,1,1
"150","AJU_MUT_ Grupo A.A Primeiro Passo","AJU_MUT_ Grupo A.A. Linhares",1,1,0,1,0,1,1,1,3,3,3,3,3,3,1,1,1,3,3,3,3,3,3,3,3,3,4,24,19,5,24,48,52,1,1,0,1,0,1,1,1,1,1,1,1,1,1,1,1,1,1,1,1,1,1,1,1,1,1,4,9,9,5,8,17,21,1,1,1
"151","AJU_MUT_ Escritório de Serviços Locais dos Álcoólicos Anônimos de Juiz de Fora","AJU_MUT_ Grupo A.A. Linhares",1,0,1,1,0,0,1,0,3,3,3,2,3,3,1,1,1,3,3,3,3,3,3,3,3,3,3,23,18,5,24,47,50,1,0,1,1,0,0,1,0,1,1,1,0,1,1,1,1,1,1,1,1,1,1,1,1,1,1,3,8,8,5,8,16,19,1,1,1
"152","AJU_MUT_ Grupo A.A Primeiro Passo","AJU_MUT_ Grupo A.A Redenção Abolição",1,1,0,1,0,1,1,1,3,3,3,3,3,3,1,1,1,3,3,3,3,3,3,3,3,3,4,24,19,5,24,48,52,1,1,0,1,0,1,1,1,1,1,1,1,1,1,1,1,1,1,1,1,1,1,1,1,1,1,4,9,9,5,8,17,21,1,1,1
"153","AJU_MUT_ Escritório de Serviços Locais dos Álcoólicos Anônimos de Juiz de Fora","AJU_MUT_ Grupo A.A Redenção Abolição",1,0,1,1,0,0,1,0,3,3,3,2,3,3,1,1,1,3,3,3,3,3,3,3,3,3,3,23,18,5,24,47,50,1,0,1,1,0,0,1,0,1,1,1,0,1,1,1,1,1,1,1,1,1,1,1,1,1,1,3,8,8,5,8,16,19,1,1,1
"154","AJU_MUT_ Grupo A.A Primeiro Passo","AJU_MUT_ Grupo A.A. Progresso",1,1,0,1,0,1,1,1,3,3,3,3,3,3,1,1,1,3,3,3,3,3,3,3,3,3,4,24,19,5,24,48,52,1,1,0,1,0,1,1,1,1,1,1,1,1,1,1,1,1,1,1,1,1,1,1,1,1,1,4,9,9,5,8,17,21,1,1,1
"155","AJU_MUT_ Escritório de Serviços Locais dos Álcoólicos Anônimos de Juiz de Fora","AJU_MUT_ Grupo A.A. Progresso",1,0,1,1,0,0,1,0,3,3,3,2,3,3,1,1,1,3,3,3,3,3,3,3,3,3,3,23,18,5,24,47,50,1,0,1,1,0,0,1,0,1,1,1,0,1,1,1,1,1,1,1,1,1,1,1,1,1,1,3,8,8,5,8,16,19,1,1,1
"156","AJU_MUT_ Grupo A.A Primeiro Passo","AJU_MUT_ Grupo A.A. Estrela D´Alva",1,1,0,1,0,1,1,1,3,3,3,3,3,3,1,1,1,3,3,3,3,3,3,3,3,3,4,24,19,5,24,48,52,1,1,0,1,0,1,1,1,1,1,1,1,1,1,1,1,1,1,1,1,1,1,1,1,1,1,4,9,9,5,8,17,21,1,1,1
"157","AJU_MUT_ Escritório de Serviços Locais dos Álcoólicos Anônimos de Juiz de Fora","AJU_MUT_ Grupo A.A. Estrela D´Alva",1,0,1,1,0,0,1,0,3,3,3,2,3,3,1,1,1,3,3,3,3,3,3,3,3,3,3,23,18,5,24,47,50,1,0,1,1,0,0,1,0,1,1,1,0,1,1,1,1,1,1,1,1,1,1,1,1,1,1,3,8,8,5,8,16,19,1,1,1
"158","AJU_MUT_ Grupo A.A Primeiro Passo","AJU_MUT_ Grupo A.A. Primeira Tradição",1,1,0,1,0,1,1,1,3,3,3,3,3,3,1,1,1,3,3,3,3,3,3,3,3,3,4,24,19,5,24,48,52,1,1,0,1,0,1,1,1,1,1,1,1,1,1,1,1,1,1,1,1,1,1,1,1,1,1,4,9,9,5,8,17,21,1,1,1
"159","AJU_MUT_ Escritório de Serviços Locais dos Álcoólicos Anônimos de Juiz de Fora","AJU_MUT_ Grupo A.A. Primeira Tradição",1,0,1,1,0,0,1,0,3,3,3,2,3,3,1,1,1,3,3,3,3,3,3,3,3,3,3,23,18,5,24,47,50,1,0,1,1,0,0,1,0,1,1,1,0,1,1,1,1,1,1,1,1,1,1,1,1,1,1,3,8,8,5,8,16,19,1,1,1
"160","AJU_MUT_ Escritório de Serviços Locais dos Álcoólicos Anônimos de Juiz de Fora","AJU_MUT_ Grupo A.A Primeiro Passo",1,0,1,1,0,0,1,0,3,3,3,2,3,3,1,1,1,3,3,3,3,3,3,3,3,3,3,23,18,5,24,47,50,1,0,1,1,0,0,1,0,1,1,1,0,1,1,1,1,1,1,1,1,1,1,1,1,1,1,3,8,8,5,8,16,19,1,1,1
"161","AJU_MUT_ Grupo A.A Primeiro Passo","AJU_MUT_ Grupo A.A. Estrela do Oriente",1,1,0,1,0,1,1,1,3,3,3,3,3,3,1,1,1,3,3,3,3,3,3,3,3,3,4,24,19,5,24,48,52,1,1,0,1,0,1,1,1,1,1,1,1,1,1,1,1,1,1,1,1,1,1,1,1,1,1,4,9,9,5,8,17,21,1,1,1
"162","AJU_MUT_ Escritório de Serviços Locais dos Álcoólicos Anônimos de Juiz de Fora","AJU_MUT_ Grupo A.A. Estrela do Oriente",1,0,1,1,0,0,1,0,3,3,3,2,3,3,1,1,1,3,3,3,3,3,3,3,3,3,3,23,18,5,24,47,50,1,0,1,1,0,0,1,0,1,1,1,0,1,1,1,1,1,1,1,1,1,1,1,1,1,1,3,8,8,5,8,16,19,1,1,1
"163","AJU_MUT_ Grupo A.A Primeiro Passo","AJU_MUT_ Grupo de Apoio São Pedro do Amor Exigente (GASPAE)",1,1,0,1,0,1,1,1,3,3,3,3,3,3,1,1,1,3,3,3,3,3,3,3,3,3,4,24,19,5,24,48,52,1,1,0,1,0,1,1,1,1,1,1,1,1,1,1,1,1,1,1,1,1,1,1,1,1,1,4,9,9,5,8,17,21,1,1,1
"164","ENT_SOC_ Grupo Espírita de Ajuda aos Enfermos (GEDAE)","AJU_MUT_ Grupo de Apoio São Pedro do Amor Exigente (GASPAE)",1,1,1,1,1,1,1,1,3,3,3,3,3,3,1,1,1,3,3,3,3,3,3,3,3,3,6,24,19,5,24,48,54,1,1,1,1,1,1,1,1,1,1,1,1,1,1,1,1,1,1,1,1,1,1,1,1,1,1,6,9,9,5,8,17,23,1,1,1
"165","AJU_MUT_ Grupo A.A Primeiro Passo","AJU_MUT_ Grupo A.A Duas Vidas",1,1,0,1,0,1,1,1,3,3,3,3,3,3,1,1,1,3,3,3,3,3,3,3,3,3,4,24,19,5,24,48,52,1,1,0,1,0,1,1,1,1,1,1,1,1,1,1,1,1,1,1,1,1,1,1,1,1,1,4,9,9,5,8,17,21,1,1,1
"166","AJU_MUT_ Escritório de Serviços Locais dos Álcoólicos Anônimos de Juiz de Fora","AJU_MUT_ Grupo A.A Duas Vidas",1,0,1,1,0,0,1,0,3,3,3,2,3,3,1,1,1,3,3,3,3,3,3,3,3,3,3,23,18,5,24,47,50,1,0,1,1,0,0,1,0,1,1,1,0,1,1,1,1,1,1,1,1,1,1,1,1,1,1,3,8,8,5,8,16,19,1,1,1
"167","AJU_MUT_ Grupo A.A Primeiro Passo","AJU_MUT_ Grupo A.A. Vinte e Cinco de Abril",1,1,0,1,0,1,1,1,3,3,3,3,3,3,1,1,1,3,3,3,3,3,3,3,3,3,4,24,19,5,24,48,52,1,1,0,1,0,1,1,1,1,1,1,1,1,1,1,1,1,1,1,1,1,1,1,1,1,1,4,9,9,5,8,17,21,1,1,1
"168","AJU_MUT_ Escritório de Serviços Locais dos Álcoólicos Anônimos de Juiz de Fora","AJU_MUT_ Grupo A.A. Vinte e Cinco de Abril",1,0,1,1,0,0,1,0,3,3,3,2,3,3,1,1,1,3,3,3,3,3,3,3,3,3,3,23,18,5,24,47,50,1,0,1,1,0,0,1,0,1,1,1,0,1,1,1,1,1,1,1,1,1,1,1,1,1,1,3,8,8,5,8,16,19,1,1,1
"169","AJU_MUT_ Grupo A.A Primeiro Passo","AJU_MUT_ Grupo A.A. Liberdade",1,1,0,1,0,1,1,1,3,3,3,3,3,3,1,1,1,3,3,3,3,3,3,3,3,3,4,24,19,5,24,48,52,1,1,0,1,0,1,1,1,1,1,1,1,1,1,1,1,1,1,1,1,1,1,1,1,1,1,4,9,9,5,8,17,21,1,1,1
"170","AJU_MUT_ Escritório de Serviços Locais dos Álcoólicos Anônimos de Juiz de Fora","AJU_MUT_ Grupo A.A. Liberdade",1,0,1,1,0,0,1,0,3,3,3,2,3,3,1,1,1,3,3,3,3,3,3,3,3,3,3,23,18,5,24,47,50,1,0,1,1,0,0,1,0,1,1,1,0,1,1,1,1,1,1,1,1,1,1,1,1,1,1,3,8,8,5,8,16,19,1,1,1
"171","AJU_MUT_ Grupo A.A Primeiro Passo","AJU_MUT_ Grupo A.A. Ipiranga",1,1,0,1,0,1,1,1,3,3,3,3,3,3,1,1,1,3,3,3,3,3,3,3,3,3,4,24,19,5,24,48,52,1,1,0,1,0,1,1,1,1,1,1,1,1,1,1,1,1,1,1,1,1,1,1,1,1,1,4,9,9,5,8,17,21,1,1,1
"172","AJU_MUT_ Escritório de Serviços Locais dos Álcoólicos Anônimos de Juiz de Fora","AJU_MUT_ Grupo A.A. Ipiranga",1,0,1,1,0,0,1,0,3,3,3,2,3,3,1,1,1,3,3,3,3,3,3,3,3,3,3,23,18,5,24,47,50,1,0,1,1,0,0,1,0,1,1,1,0,1,1,1,1,1,1,1,1,1,1,1,1,1,1,3,8,8,5,8,16,19,1,1,1
"173","AJU_MUT_ Grupo de Apoio São Pedro do Amor Exigente (GASPAE)","AJU_MUT_ Grupo de Apoio Benfica de Amor Exigente (GABENAE)",1,1,1,1,1,1,1,0,3,3,3,3,3,3,3,3,1,1,1,3,3,3,3,3,3,3,5,26,21,5,22,48,53,1,1,1,1,1,1,1,0,1,1,1,1,1,1,-1,-1,1,-1,-1,1,1,1,1,1,1,1,5,5,7,5,6,11,16,1,1,1
"174","AJU_MUT_ Grupo de Apoio São Pedro do Amor Exigente (GASPAE)","AJU_MUT_ Grupo de Apoio São Mateus de Amor Exigente (GASMAE)",1,1,1,1,1,1,1,0,3,3,3,3,3,3,3,3,1,1,1,3,3,3,3,3,3,3,5,26,21,5,22,48,53,1,1,1,1,1,1,1,0,1,1,1,1,1,1,-1,-1,1,-1,-1,1,1,1,1,1,1,1,5,5,7,5,6,11,16,1,1,1
"175","AJU_MUT_ Grupo de Apoio São Pedro do Amor Exigente (GASPAE)","AJU_MUT_ Grupo de Amor Exigente Linhares",1,1,1,1,1,1,1,0,3,3,3,3,3,3,3,3,1,1,1,3,3,3,3,3,3,3,5,26,21,5,22,48,53,1,1,1,1,1,1,1,0,1,1,1,1,1,1,-1,-1,1,-1,-1,1,1,1,1,1,1,1,5,5,7,5,6,11,16,1,1,1
"176","AJU_MUT_ Grupo de Apoio São Pedro do Amor Exigente (GASPAE)","AJU_MUT_ Grupo de Amor Exigente Santa Terezinha",1,1,1,1,1,1,1,0,3,3,3,3,3,3,3,3,1,1,1,3,3,3,3,3,3,3,5,26,21,5,22,48,53,1,1,1,1,1,1,1,0,1,1,1,1,1,1,-1,-1,1,-1,-1,1,1,1,1,1,1,1,5,5,7,5,6,11,16,1,1,1
"177","EA_DQCT_ Centro de Recuperação SOS Vida","EA_DQCT_ Associação Beneficente Cristã Restituir",1,0,0,1,0,1,1,0,3,3,1,2,1,3,1,3,3,1,1,1,1,1,3,1,3,3,3,21,14,7,14,35,38,1,0,0,1,0,1,1,0,1,1,-1,0,-1,1,1,-1,-1,-1,-1,-1,-1,-1,1,-1,1,1,3,0,4,7,-2,-2,1,1,1,1
"178","EA_DQCT_ Centro de Recuperação SOS Vida","EA_DQCT_ Centro de Recuperação Resgatando Vidas (Escritório)",1,0,0,1,0,0,1,0,3,3,1,2,1,3,1,3,3,3,3,1,1,1,3,1,3,3,2,23,14,9,16,39,41,1,0,0,1,0,0,1,0,1,1,-1,0,-1,1,1,-1,-1,1,1,-1,-1,-1,1,-1,1,1,2,0,4,9,0,0,2,1,1,1
"179","AJU_MUT_ Escritório de Serviços Locais dos Álcoólicos Anônimos de Juiz de Fora","EA_DQCT_ Centro Metodista de Assistência aos Toxicômanos – CEMAT (Escritório)",1,0,1,1,0,0,1,0,3,3,3,2,3,3,1,1,1,3,3,3,1,3,3,3,3,3,3,23,18,5,22,45,48,1,0,1,1,0,0,1,0,1,1,1,0,1,1,1,1,1,1,1,1,-1,1,1,1,1,1,3,8,8,5,6,14,17,1,1,1
"180","EA_DQCT_ Centro de Recuperação SOS Vida","EA_DQCT_ Centro Metodista de Assistência aos Toxicômanos – CEMAT (Escritório)",1,0,0,1,0,0,1,0,3,3,1,2,1,3,1,3,3,3,3,1,1,1,3,1,3,3,2,23,14,9,16,39,41,1,0,0,1,0,0,1,0,1,1,-1,0,-1,1,1,-1,-1,1,1,-1,-1,-1,1,-1,1,1,2,0,4,9,0,0,2,1,1,1
"181","EA_DQCT_ Grupo de Apoio à Família e aos Dependentes Químicos – GAFADEQUI","EA_DQCT_ Grupo de Apoio à Família e aos Dependentes Químicos – GAFADEQUI (Administração, triagem e apoio aos familiares)",1,0,0,1,1,1,1,1,3,3,3,3,3,3,1,1,1,3,3,3,3,3,3,3,3,3,5,24,19,5,24,48,53,1,0,0,1,1,1,1,1,1,1,1,1,1,1,1,1,1,1,1,1,1,1,1,1,1,1,5,9,9,5,8,17,22,1,1,1
"182","EA_DQCT_ Grupo de Apoio à Família e aos Dependentes Químicos – GAFADEQUI.1","EA_DQCT_ Grupo de Apoio à Família e aos Dependentes Químicos – GAFADEQUI (Administração, triagem e apoio aos familiares)",1,1,0,1,1,1,1,1,3,3,3,3,3,3,1,1,1,3,3,3,3,3,3,3,3,3,5,24,19,5,24,48,53,1,1,0,1,1,1,1,1,1,1,1,1,1,1,1,1,1,1,1,1,1,1,1,1,1,1,5,9,9,5,8,17,22,1,1,1
"183","ASS_HOS_ Clínica Vila Verde (Hospital Dia)","EA_DQCT_ Vila Verde (Unidade Bromélias)",1,1,1,1,1,1,1,0,3,3,3,3,3,3,3,1,3,3,3,3,3,3,3,3,3,3,5,28,21,7,24,52,57,1,1,1,1,1,1,1,0,1,1,1,1,1,1,-1,1,-1,1,1,1,1,1,1,1,1,1,5,5,7,7,8,13,18,1,1,1
"184","AJU_MUT_ Igreja Batista Resplandecente Estrela do Amanhã  IBREM","EA_DQCT_ Centro Metodista de Assistência aos Toxicômanos – CEMAT",1,0,1,0,0,0,1,0,2,1,3,3,3,1,1,1,1,3,3,3,3,3,3,3,3,3,2,19,14,5,24,43,45,1,0,1,0,0,0,1,0,0,-1,1,1,1,-1,1,1,1,1,1,1,1,1,1,1,1,1,2,4,4,5,8,12,14,1,1,1
"185","EA_DQCT_ Centro Metodista de Assistência aos Toxicômanos – CEMAT (Escritório)","EA_DQCT_ Centro Metodista de Assistência aos Toxicômanos – CEMAT",1,1,1,0,1,0,1,0,3,3,3,3,3,3,1,1,3,3,3,3,3,3,3,3,3,3,3,26,19,7,24,50,53,1,1,1,0,1,0,1,0,1,1,1,1,1,1,1,1,-1,1,1,1,1,1,1,1,1,1,3,7,9,7,8,15,18,1,1,1
"186","EA_DQCT_ Centro de Recuperação SOS Vida","EA_DQCT_ Comunidade Terapêutica Família em Cristo",1,0,0,0,0,1,1,0,2,3,1,2,1,3,3,3,3,1,1,1,1,1,1,1,3,3,2,22,15,7,12,34,36,1,0,0,0,0,1,1,0,0,1,-1,0,-1,1,-1,-1,-1,-1,-1,-1,-1,-1,-1,-1,1,1,2,-3,1,7,-4,-7,-5,1,1,1
"187","AJU_MUT_ Igreja Batista Resplandecente Estrela do Amanhã  IBREM","EA_DQCT_ Centro de Recuperação SOS Vida",1,0,0,0,0,0,1,0,1,1,3,3,3,1,1,1,1,1,3,3,3,3,3,1,3,3,1,16,13,3,22,38,39,1,0,0,0,0,0,1,0,-1,-1,1,1,1,-1,1,1,1,-1,1,1,1,1,1,-1,1,1,1,3,3,3,6,9,10,1,1,1
"188","EA_DQCT_ Centro Terapêutico Reconstruir (escritório)","EA_DQCT_ Centro Terapêutico Reconstruir (fazenda)",1,1,1,0,1,1,1,0,3,3,3,3,3,3,1,1,1,3,3,3,3,3,3,3,3,3,4,24,19,5,24,48,52,1,1,1,0,1,1,1,0,1,1,1,1,1,1,1,1,1,1,1,1,1,1,1,1,1,1,4,9,9,5,8,17,21,1,1,1
"189","EA_DQCT_ Grupo de Apoio à Família e aos Dependentes Químicos – GAFADEQUI.1","EA_DQCT_ Grupo de Apoio à Família e aos Dependentes Químicos – GAFADEQUI",1,1,1,1,1,1,1,1,3,3,3,3,3,3,1,1,1,3,3,3,3,3,3,3,3,3,6,24,19,5,24,48,54,1,1,1,1,1,1,1,1,1,1,1,1,1,1,1,1,1,1,1,1,1,1,1,1,1,1,6,9,9,5,8,17,23,1,1,1
"190","AJU_MUT_ Igreja Batista Resplandecente Estrela do Amanhã  IBREM","EA_DQCT_ Comunidade Terapêutica Geração de Adoradores – CTGA",1,0,1,0,0,0,1,0,3,1,3,3,3,3,1,1,1,3,3,3,3,3,3,3,3,3,2,22,17,5,24,46,48,1,0,1,0,0,0,1,0,1,-1,1,1,1,1,1,1,1,1,1,1,1,1,1,1,1,1,2,7,7,5,8,15,17,1,1,1
"191","EA_DQCT_ Vila Verde (Unidade Bromélias)","EA_DQCT_ Vila Verde (Unidade Borboleta)",1,1,1,1,1,1,1,0,3,3,3,2,3,3,1,1,1,3,3,3,2,2,3,3,3,3,5,23,18,5,22,45,50,1,1,1,1,1,1,1,0,1,1,1,0,1,1,1,1,1,1,1,1,0,0,1,1,1,1,5,8,8,5,6,14,19,1,1,1
"192","ASS_HOS_ Clínica Vila Verde (Hospital Dia)","EA_DQCT_ Vila Verde (Unidade Borboleta)",1,1,1,1,1,1,1,0,3,3,3,3,3,3,3,1,3,3,3,3,3,3,3,3,3,3,5,28,21,7,24,52,57,1,1,1,1,1,1,1,0,1,1,1,1,1,1,-1,1,-1,1,1,1,1,1,1,1,1,1,5,5,7,7,8,13,18,1,1,1
"193","EA_DQCT_ Centro de Recuperação Resgatando Vidas (Escritório)","EA_DQCT_ Centro de Recuperação Resgatando Vidas",1,0,1,1,1,1,1,1,3,3,3,3,3,3,1,1,1,3,3,3,3,3,3,3,3,3,6,24,19,5,24,48,54,1,0,1,1,1,1,1,1,1,1,1,1,1,1,1,1,1,1,1,1,1,1,1,1,1,1,6,9,9,5,8,17,23,1,1,1
"194","EA_DQCT_ Grupo de Apoio à Família e aos Dependentes Químicos – GAFADEQUI","EA_DQCT_ Grupo de Apoio à Família e aos Dependentes Químicos – GAFADEQUI.1",1,0,1,1,1,1,1,1,3,3,3,3,3,3,1,1,1,3,3,3,3,3,3,3,3,3,6,24,19,5,24,48,54,1,0,1,1,1,1,1,1,1,1,1,1,1,1,1,1,1,1,1,1,1,1,1,1,1,1,6,9,9,5,8,17,23,1,1,1
"195","EA_DQCT_ Centro de Recuperação Resgatando Vidas (Escritório)","ENT_SOC_ Território Aliança pela Vida  Zona Norte",1,1,1,1,1,0,1,0,3,3,1,2,2,3,1,1,1,3,3,3,3,3,3,2,3,3,4,20,15,5,23,43,47,1,1,1,1,1,0,1,0,1,1,-1,0,0,1,1,1,1,1,1,1,1,1,1,0,1,1,4,5,5,5,7,12,16,1,1,1
"196","CAPS_CO_ CAPS HU","RES_TER_ Casa 6",1,1,0,1,1,1,1,0,3,3,3,3,2,2,3,1,3,2,2,2,3,2,3,2,3,3,4,25,19,6,20,45,49,1,1,0,1,1,1,1,0,1,1,1,1,0,0,-1,1,-1,0,0,0,1,0,1,0,1,1,4,3,5,6,4,7,11,1,1,1
"197","ENT_SOC_ Associação Casa Viva","RES_TER_ Casa V1",1,1,1,1,1,1,1,0,3,3,3,3,3,3,1,2,1,3,3,3,3,3,3,3,3,3,5,25,19,6,24,49,54,1,1,1,1,1,1,1,0,1,1,1,1,1,1,1,0,1,1,1,1,1,1,1,1,1,1,5,8,9,6,8,16,21,1,1,1
"198","ENT_SOC_ Associação Casa Viva","RES_TER_ Casa V2",1,1,1,1,1,1,1,0,3,3,3,3,3,3,1,2,1,3,3,3,3,3,3,3,3,3,5,25,19,6,24,49,54,1,1,1,1,1,1,1,0,1,1,1,1,1,1,1,0,1,1,1,1,1,1,1,1,1,1,5,8,9,6,8,16,21,1,1,1
"199","ENT_SOC_ Associação Casa Viva","RES_TER_ Casa V3",1,1,1,1,1,1,1,0,3,3,3,3,3,3,1,2,1,3,3,3,3,3,3,3,3,3,5,25,19,6,24,49,54,1,1,1,1,1,1,1,0,1,1,1,1,1,1,1,0,1,1,1,1,1,1,1,1,1,1,5,8,9,6,8,16,21,1,1,1
"200","ENT_SOC_ Associação Casa Viva","RES_TER_ Casa V4",1,1,1,1,1,1,1,0,3,3,3,3,3,3,1,2,1,3,3,3,3,3,3,3,3,3,5,25,19,6,24,49,54,1,1,1,1,1,1,1,0,1,1,1,1,1,1,1,0,1,1,1,1,1,1,1,1,1,1,5,8,9,6,8,16,21,1,1,1
"201","ENT_SOC_ Associação Casa Viva","RES_TER_ Casa V5",1,1,1,1,1,1,1,0,3,3,3,3,3,3,1,2,1,3,3,3,3,3,3,3,3,3,5,25,19,6,24,49,54,1,1,1,1,1,1,1,0,1,1,1,1,1,1,1,0,1,1,1,1,1,1,1,1,1,1,5,8,9,6,8,16,21,1,1,1
"202","ENT_SOC_ Associação Casa Viva","RES_TER_ Casa V6",1,1,1,1,1,1,1,0,3,3,3,3,3,3,1,2,1,3,3,3,3,3,3,3,3,3,5,25,19,6,24,49,54,1,1,1,1,1,1,1,0,1,1,1,1,1,1,1,0,1,1,1,1,1,1,1,1,1,1,5,8,9,6,8,16,21,1,1,1
"203","ENT_SOC_ Associação Beneficente e Cultural Amigos do Noivo (ABAN)","ENT_SOC_ Associação Beneficente e Cultural Amigos do Noivo (ABAN) (Matriz)",1,1,0,1,1,1,1,1,3,3,3,3,3,3,1,1,1,3,3,3,3,3,3,3,3,3,5,24,19,5,24,48,53,1,1,0,1,1,1,1,1,1,1,1,1,1,1,1,1,1,1,1,1,1,1,1,1,1,1,5,9,9,5,8,17,22,1,1,1
"204","ENT_SOC_ Associação Casa Viva","ENT_SOC_ Casa de Acolhimento à Infância e Adolescente (CAIA)",1,0,1,1,0,0,1,0,3,3,3,3,3,3,1,2,1,3,3,3,3,3,3,3,3,3,3,25,19,6,24,49,52,1,0,1,1,0,0,1,0,1,1,1,1,1,1,1,0,1,1,1,1,1,1,1,1,1,1,3,8,9,6,8,16,19,1,1,1
"205","ENT_SOC_ Associação Casa Viva","ENT_SOC_ Fundação Maria Mãe",1,0,1,1,0,1,1,0,1,3,2,1,3,1,1,2,1,1,1,1,3,2,3,2,3,3,4,16,12,4,18,34,38,1,0,1,1,0,1,1,0,-1,1,0,-1,1,-1,1,0,1,-1,-1,-1,1,0,1,0,1,1,4,1,2,4,2,3,7,1,1,1
"206","ENT_SOC_ Grupo Espírita de Ajuda aos Enfermos (GEDAE)","ENT_SOC_ Fundação Maria Mãe",1,1,0,0,0,0,1,0,3,1,2,2,3,2,3,3,2,2,2,3,3,2,3,2,3,2,1,23,16,7,20,43,44,1,1,0,0,0,0,1,0,1,-1,0,0,1,0,-1,-1,0,0,0,1,1,0,1,0,1,0,1,-1,2,7,4,3,4,1,1,1
"207","ENT_SOC_ Associação Beneficente e Cultural Amigos do Noivo (ABAN) (Matriz)","ENT_SOC_ Associação Beneficente e Cultural Amigos do Noivo (ABAN)",1,1,1,0,0,0,1,0,3,3,3,3,3,3,1,1,1,3,3,3,3,3,3,3,3,3,2,24,19,5,24,48,50,1,1,1,0,0,0,1,0,1,1,1,1,1,1,1,1,1,1,1,1,1,1,1,1,1,1,2,9,9,5,8,17,19,1,1,1
"208","CON_RUA_ Equipe de Consultório na Rua (UAPS de referência Vila Ideal)","ENT_SOC_ Associação Casa Viva",1,1,1,1,1,1,1,0,3,3,3,3,3,3,1,1,1,3,3,3,3,3,3,3,3,3,5,24,19,5,24,48,53,1,1,1,1,1,1,1,0,1,1,1,1,1,1,1,1,1,1,1,1,1,1,1,1,1,1,5,9,9,5,8,17,22,1,1,1
"209","CON_RUA_ Equipe de Consultório na Rua (Associação Casa Viva)","ENT_SOC_ Associação Casa Viva",1,1,1,1,1,1,1,0,3,3,3,3,3,3,1,1,1,3,3,3,3,3,3,3,3,3,5,24,19,5,24,48,53,1,1,1,1,1,1,1,0,1,1,1,1,1,1,1,1,1,1,1,1,1,1,1,1,1,1,5,9,9,5,8,17,22,1,1,1
"210","ENT_SOC_ Associação Beneficente e Cultural Amigos do Noivo (ABAN) (Matriz)","ENT_SOC_ Associação Beneficente e Cultural Amigos do Noivo (ABAN) Dom Bosco",1,1,1,0,0,0,1,1,3,3,3,3,3,3,1,1,1,3,3,3,3,3,3,3,3,3,3,24,19,5,24,48,51,1,1,1,0,0,0,1,1,1,1,1,1,1,1,1,1,1,1,1,1,1,1,1,1,1,1,3,9,9,5,8,17,20,1,1,1
"211","ASS_HOS_ Serviço de Controle e Prevenção e Tratamento do Tabagismo (SECOPTT)","ASS_HOS_ Centro de Referência em Álcool e Drogas (RADCAS)  Hospital Universitário",1,1,1,1,1,1,1,0,3,3,3,3,3,3,1,1,1,3,3,3,3,3,3,3,3,3,5,24,19,5,24,48,53,1,1,1,1,1,1,1,0,1,1,1,1,1,1,1,1,1,1,1,1,1,1,1,1,1,1,5,9,9,5,8,17,22,1,1,1
"212","AJU_MUT_ Igreja Batista Resplandecente Estrela do Amanhã  IBREM","ASS_HOS_ Hospital Ana Nery",1,0,0,0,0,0,1,0,1,1,3,3,3,1,1,1,1,3,3,3,3,3,3,3,3,3,1,18,13,5,24,42,43,1,0,0,0,0,0,1,0,-1,-1,1,1,1,-1,1,1,1,1,1,1,1,1,1,1,1,1,1,3,3,5,8,11,12,1,1,1
"213","AJU_MUT_ Escritório de Serviços Locais dos Álcoólicos Anônimos de Juiz de Fora","ASS_HOS_ Hospital Ana Nery",1,0,1,1,0,0,1,0,3,3,3,2,3,3,1,1,1,3,3,3,1,3,3,3,3,3,3,23,18,5,22,45,48,1,0,1,1,0,0,1,0,1,1,1,0,1,1,1,1,1,1,1,1,-1,1,1,1,1,1,3,8,8,5,6,14,17,1,1,1
"214","EA_DQCT_ Vila Verde (Unidade Bromélias)","ASS_HOS_ Clínica Vila Verde (Hospital Dia)",1,1,1,1,1,1,1,0,3,3,3,2,3,3,1,1,1,3,3,3,2,2,3,3,3,3,5,23,18,5,22,45,50,1,1,1,1,1,1,1,0,1,1,1,0,1,1,1,1,1,1,1,1,0,0,1,1,1,1,5,8,8,5,6,14,19,1,1,1
"215","AJU_MUT_ Escritório de Serviços Locais dos Álcoólicos Anônimos de Juiz de Fora","CAPS_AD",1,0,1,1,0,0,1,0,3,3,3,2,3,3,1,1,1,3,3,3,1,3,3,3,3,3,3,23,18,5,22,45,48,1,0,1,1,0,0,1,0,1,1,1,0,1,1,1,1,1,1,1,1,-1,1,1,1,1,1,3,8,8,5,6,14,17,1,1,1
"216","ENT_SOC_ ONG Saída","CAPS_AD",1,1,0,1,1,1,1,0,3,2,3,3,3,3,1,1,1,2,2,3,3,3,3,3,3,3,4,22,18,4,23,45,49,1,1,0,1,1,1,1,0,1,0,1,1,1,1,1,1,1,0,0,1,1,1,1,1,1,1,4,8,8,4,7,15,19,1,1,1
"217","ASS_HOS_ Serviço de Controle e Prevenção e Tratamento do Tabagismo (SECOPTT)","CAPS_AD",1,1,1,1,1,1,1,0,3,3,3,3,3,3,1,1,1,3,3,3,3,3,3,3,3,3,5,24,19,5,24,48,53,1,1,1,1,1,1,1,0,1,1,1,1,1,1,1,1,1,1,1,1,1,1,1,1,1,1,5,9,9,5,8,17,22,1,1,1
"218","UAP_URB_ Santos Dumont","CAPS_CO_ CAPS HU",1,1,1,1,1,0,1,0,3,3,1,1,3,3,1,1,1,3,3,3,3,3,3,3,3,3,4,20,15,5,24,44,48,1,1,1,1,1,0,1,0,1,1,-1,-1,1,1,1,1,1,1,1,1,1,1,1,1,1,1,4,5,5,5,8,13,17,1,1,1
"219","CRE_SOC_ CREAS Idoso e Mulher","CRAS_AS_ CRAS Leste Linhares",1,1,1,1,1,0,1,0,3,3,3,3,3,3,1,1,1,3,3,3,3,3,3,2,3,3,4,24,19,5,23,47,51,1,1,1,1,1,0,1,0,1,1,1,1,1,1,1,1,1,1,1,1,1,1,1,0,1,1,4,9,9,5,7,16,20,1,1,1
"220","CRE_SOC_ CREAS Idoso e Mulher","CRAS_AS_ CRAS Leste São Benedito",1,1,1,1,1,0,1,0,3,3,3,3,3,3,1,1,1,3,3,3,3,3,3,2,3,3,4,24,19,5,23,47,51,1,1,1,1,1,0,1,0,1,1,1,1,1,1,1,1,1,1,1,1,1,1,1,0,1,1,4,9,9,5,7,16,20,1,1,1
"221","CRE_SOC_ CREAS Idoso e Mulher","CRAS_AS_ CRAS Sudeste Costa Carvalho",1,1,1,1,1,0,1,0,3,3,3,3,3,3,1,1,1,3,3,3,3,3,3,2,3,3,4,24,19,5,23,47,51,1,1,1,1,1,0,1,0,1,1,1,1,1,1,1,1,1,1,1,1,1,1,1,0,1,1,4,9,9,5,7,16,20,1,1,1
"222","CRE_SOC_ CREAS Idoso e Mulher","CRAS_AS_ CRAS Sudeste Olavo Costa",1,1,1,1,1,0,1,0,3,3,3,3,3,3,1,1,1,3,3,3,3,3,3,2,3,3,4,24,19,5,23,47,51,1,1,1,1,1,0,1,0,1,1,1,1,1,1,1,1,1,1,1,1,1,1,1,0,1,1,4,9,9,5,7,16,20,1,1,1
"223","CRE_SOC_ CREAS Idoso e Mulher","CRAS_AS_ CRAS Nordeste Grama",1,1,1,1,1,0,1,0,3,3,3,3,3,3,1,1,1,3,3,3,3,3,3,2,3,3,4,24,19,5,23,47,51,1,1,1,1,1,0,1,0,1,1,1,1,1,1,1,1,1,1,1,1,1,1,1,0,1,1,4,9,9,5,7,16,20,1,1,1
"224","CRE_SOC_ CREAS Idoso e Mulher","CRAS_AS_ CRAS Centro",1,1,1,1,1,0,1,0,3,3,3,3,3,3,1,1,1,3,3,3,3,3,3,2,3,3,4,24,19,5,23,47,51,1,1,1,1,1,0,1,0,1,1,1,1,1,1,1,1,1,1,1,1,1,1,1,0,1,1,4,9,9,5,7,16,20,1,1,1
"225","AJU_MUT_ ALANON Grupo Harmonia","CRAS_AS_ CRAS Norte Benfica",1,0,0,1,0,0,1,0,2,1,2,2,3,3,1,1,1,3,3,3,3,3,3,3,3,3,2,19,14,5,24,43,45,1,0,0,1,0,0,1,0,0,-1,0,0,1,1,1,1,1,1,1,1,1,1,1,1,1,1,2,4,4,5,8,12,14,1,1,1
"226","CRE_SOC_ CREAS Idoso e Mulher","CRAS_AS_ CRAS Oeste São Pedro",1,1,1,1,1,0,1,0,3,3,3,3,3,3,1,1,1,3,3,3,3,3,3,2,3,3,4,24,19,5,23,47,51,1,1,1,1,1,0,1,0,1,1,1,1,1,1,1,1,1,1,1,1,1,1,1,0,1,1,4,9,9,5,7,16,20,1,1,1
"227","ENT_SOC_ Associação Casa Viva","CRA_SOC_ CRAS Sul Ipiranga",1,1,1,1,1,1,1,0,3,3,3,3,3,3,1,2,1,1,1,1,3,2,3,1,3,3,5,23,19,4,17,40,45,1,1,1,1,1,1,1,0,1,1,1,1,1,1,1,0,1,-1,-1,-1,1,0,1,-1,1,1,5,8,9,4,1,9,14,1,1,1
"228","CRE_SOC_ CREAS Idoso e Mulher","CRA_SOC_ CRAS Sul Ipiranga",1,1,1,1,1,0,1,0,3,3,3,3,3,3,1,1,1,3,3,3,3,3,3,2,3,3,4,24,19,5,23,47,51,1,1,1,1,1,0,1,0,1,1,1,1,1,1,1,1,1,1,1,1,1,1,1,0,1,1,4,9,9,5,7,16,20,1,1,1
"229","ENT_SOC_ Associação Casa Viva","CRE_SOC_ CREAS População de Rua (CentroPop)",1,1,1,1,1,1,1,0,3,3,3,3,3,3,1,2,1,1,1,1,3,2,3,1,3,3,5,23,19,4,17,40,45,1,1,1,1,1,1,1,0,1,1,1,1,1,1,1,0,1,-1,-1,-1,1,0,1,-1,1,1,5,8,9,4,1,9,14,1,1,1
"230","CON_RUA_ Equipe de Consultório na Rua (UAPS de referência Vila Ideal)","CRE_SOC_ CREAS População de Rua (CentroPop)",1,1,1,1,1,0,1,0,3,3,3,3,3,1,1,1,1,2,2,2,3,2,3,2,3,3,4,21,17,4,20,41,45,1,1,1,1,1,0,1,0,1,1,1,1,1,-1,1,1,1,0,0,0,1,0,1,0,1,1,4,7,7,4,4,11,15,1,1,1
"231","CON_RUA_ Equipe de Consultório na Rua (Associação Casa Viva)","CRE_SOC_ CREAS População de Rua (CentroPop)",1,1,1,1,1,0,1,0,3,3,3,3,3,1,1,1,1,2,2,2,3,2,3,2,3,3,4,21,17,4,20,41,45,1,1,1,1,1,0,1,0,1,1,1,1,1,-1,1,1,1,0,0,0,1,0,1,0,1,1,4,7,7,4,4,11,15,1,1,1
"232","ENT_SOC_ Associação Casa Viva","ACO_INS_ Núcleo Cidadão de Rua Hebert de Souza",1,1,1,1,1,1,1,0,3,3,3,3,3,3,1,2,1,1,1,1,3,2,3,1,3,3,5,23,19,4,17,40,45,1,1,1,1,1,1,1,0,1,1,1,1,1,1,1,0,1,-1,-1,-1,1,0,1,-1,1,1,5,8,9,4,1,9,14,1,1,1
"233","ENT_SOC_ Associação Casa Viva","ACO_INS_ Casa da Cidadania",1,0,1,1,0,1,1,0,3,3,3,1,3,1,1,2,1,1,1,1,3,2,3,2,3,3,4,19,15,4,18,37,41,1,0,1,1,0,1,1,0,1,1,1,-1,1,-1,1,0,1,-1,-1,-1,1,0,1,0,1,1,4,4,5,4,2,6,10,1,1,1
"234","AJU_MUT_ Grupo N.A. Glória","CEN_CON_ Associação TRABALHARTE",1,1,1,1,1,1,1,1,3,2,2,2,2,2,2,2,2,2,2,2,2,2,2,2,2,2,6,21,15,6,16,37,43,1,1,1,1,1,1,1,1,1,0,0,0,0,0,0,0,0,0,0,0,0,0,0,0,0,0,6,1,3,6,0,1,7,1,1,1
"235","AJU_MUT_ Grupo A.A. 29 de Junho","CEN_CON_ Associação TRABALHARTE",0,1,1,1,1,1,1,1,1,1,1,1,1,1,1,1,1,1,1,1,1,1,1,1,1,1,6,10,7,3,8,18,24,0,1,1,1,1,1,1,1,-1,-1,-1,-1,-1,-1,1,1,1,-1,-1,-1,-1,-1,-1,-1,-1,-1,6,-3,-3,3,-8,-11,-5,1,1,1
"236","ENT_SOC_ Associação Casa Viva","CON_RUA_ Equipe de Consultório na Rua (UAPS de referência Vila Ideal)",1,1,1,1,1,1,1,0,3,3,3,3,3,3,1,2,1,3,3,3,3,3,3,3,3,3,5,25,19,6,24,49,54,1,1,1,1,1,1,1,0,1,1,1,1,1,1,1,0,1,1,1,1,1,1,1,1,1,1,5,8,9,6,8,16,21,1,1,1
"237","CRE_SOC_ CREAS População de Rua (CentroPop)","CON_RUA_ Equipe de Consultório na Rua (UAPS de referência Vila Ideal)",1,0,1,1,1,0,1,0,3,3,3,3,3,3,1,1,1,3,3,3,3,3,3,3,3,3,4,24,19,5,24,48,52,1,0,1,1,1,0,1,0,1,1,1,1,1,1,1,1,1,1,1,1,1,1,1,1,1,1,4,9,9,5,8,17,21,1,1,1
"238","ENT_SOC_ Associação Casa Viva","CON_RUA_ Equipe de Consultório na Rua (Associação Casa Viva)",1,1,1,1,1,1,1,0,3,3,3,3,3,3,1,2,1,3,3,3,3,3,3,3,3,3,5,25,19,6,24,49,54,1,1,1,1,1,1,1,0,1,1,1,1,1,1,1,0,1,1,1,1,1,1,1,1,1,1,5,8,9,6,8,16,21,1,1,1
