"","from","to","x2","var0","var1","var2","var3","var4","var5","var6","var7","var8","var9","var10","var11","var12","var13","var14","var15","var16","var17","var18","var19","var20","var21","var22","var23","var24","atividade","acesso","acesso_positivo","acesso_negativo","confianca","acessoeconfianca","total","neg_x2","neg_var0","neg_var1","neg_var2","neg_var3","neg_var4","neg_var5","neg_var6","neg_var7","neg_var8","neg_var9","neg_var10","neg_var11","neg_var12","neg_var13","neg_var14","neg_var15","neg_var16","neg_var17","neg_var18","neg_var19","neg_var20","neg_var21","neg_var22","neg_var23","neg_var24","neg_atividade","neg_acesso","neg_acesso_positivo","neg_acesso_negativo","neg_confianca","neg_acessoeconfianca","neg_total","weight","aux_var4","equalone"
"1","ASS_HOS_ Serviço de Controle e Prevenção e Tratamento do Tabagismo (SECOPTT)","UAP_RUR_ Humaitá",1,1,1,1,1,1,1,0,3,3,3,3,3,3,1,1,1,3,3,3,3,3,3,3,3,3,5,24,19,5,24,48,53,1,1,1,1,1,1,1,0,1,1,1,1,1,1,1,1,1,1,1,1,1,1,1,1,1,1,5,9,9,5,8,17,22,1,1,1
"2","ASS_HOS_ Serviço de Controle e Prevenção e Tratamento do Tabagismo (SECOPTT)","UAP_RUR_ Igrejinha",1,1,1,1,1,1,1,0,3,3,3,3,3,3,1,1,1,3,3,3,3,3,3,3,3,3,5,24,19,5,24,48,53,1,1,1,1,1,1,1,0,1,1,1,1,1,1,1,1,1,1,1,1,1,1,1,1,1,1,5,9,9,5,8,17,22,1,1,1
"3","CRAS_AS_ CRAS Norte Benfica","UAP_RUR_ Igrejinha",1,1,1,1,0,1,0,0,3,3,3,2,2,2,2,1,3,2,2,2,2,2,2,2,3,3,3,23,17,6,18,41,44,1,1,1,1,0,1,0,0,1,1,1,0,0,0,0,1,-1,0,0,0,0,0,0,0,1,1,3,3,5,6,2,5,8,1,1,1
"4","ASS_HOS_ Serviço de Controle e Prevenção e Tratamento do Tabagismo (SECOPTT)","UAP_RUR_ Monte Verde",1,1,1,1,1,1,1,0,3,3,3,3,3,3,1,1,1,3,3,3,3,3,3,3,3,3,5,24,19,5,24,48,53,1,1,1,1,1,1,1,0,1,1,1,1,1,1,1,1,1,1,1,1,1,1,1,1,1,1,5,9,9,5,8,17,22,1,1,1
"5","ASS_HOS_ Serviço de Controle e Prevenção e Tratamento do Tabagismo (SECOPTT)","UAP_RUR_ Pirapetinga",1,1,1,1,1,1,1,0,3,3,3,3,3,3,1,1,1,3,3,3,3,3,3,3,3,3,5,24,19,5,24,48,53,1,1,1,1,1,1,1,0,1,1,1,1,1,1,1,1,1,1,1,1,1,1,1,1,1,1,5,9,9,5,8,17,22,1,1,1
"6","ENT_SOC_ Território Aliança pela Vida  Zona Norte","UAP_RUR_ Rosário de Minas",1,1,1,1,1,1,1,0,3,3,3,3,3,3,3,1,1,3,3,3,3,3,3,3,3,3,5,26,21,5,24,50,55,1,1,1,1,1,1,1,0,1,1,1,1,1,1,-1,1,1,1,1,1,1,1,1,1,1,1,5,7,7,5,8,15,20,1,1,1
"7","ASS_HOS_ Serviço de Controle e Prevenção e Tratamento do Tabagismo (SECOPTT)","UAP_RUR_ Torreões",1,1,1,1,1,1,1,0,3,3,3,3,3,3,1,1,1,3,3,3,3,3,3,3,3,3,5,24,19,5,24,48,53,1,1,1,1,1,1,1,0,1,1,1,1,1,1,1,1,1,1,1,1,1,1,1,1,1,1,5,9,9,5,8,17,22,1,1,1
"8","ASS_HOS_ Serviço de Controle e Prevenção e Tratamento do Tabagismo (SECOPTT)","UAP_RUR_ Valadares",1,1,1,1,1,1,1,0,3,3,3,3,3,3,1,1,1,3,3,3,3,3,3,3,3,3,5,24,19,5,24,48,53,1,1,1,1,1,1,1,0,1,1,1,1,1,1,1,1,1,1,1,1,1,1,1,1,1,1,5,9,9,5,8,17,22,1,1,1
"9","RES_TER_ Casa V1","UAP_URB_ Centro Sul",1,1,1,1,1,1,0,0,3,3,3,3,3,3,1,1,3,3,3,3,3,3,3,3,3,3,4,26,19,7,24,50,54,1,1,1,1,1,1,0,0,1,1,1,1,1,1,1,1,-1,1,1,1,1,1,1,1,1,1,4,7,9,7,8,15,19,1,1,1
"10","ASS_HOS_ Serviço de Controle e Prevenção e Tratamento do Tabagismo (SECOPTT)","UAP_URB_ Dom Bosco",1,1,1,1,1,1,1,0,3,3,3,3,3,3,1,1,1,3,3,3,3,3,3,3,3,3,5,24,19,5,24,48,53,1,1,1,1,1,1,1,0,1,1,1,1,1,1,1,1,1,1,1,1,1,1,1,1,1,1,5,9,9,5,8,17,22,1,1,1
"11","ASS_HOS_ Serviço de Controle e Prevenção e Tratamento do Tabagismo (SECOPTT)","UAP_URB_ Santa Cecília",1,1,1,1,1,1,1,0,3,3,3,3,3,3,1,1,1,3,3,3,3,3,3,3,3,3,5,24,19,5,24,48,53,1,1,1,1,1,1,1,0,1,1,1,1,1,1,1,1,1,1,1,1,1,1,1,1,1,1,5,9,9,5,8,17,22,1,1,1
"12","CRAS_AS_ CRAS Norte Benfica","UAP_URB_ Barreira do Triunfo",1,1,1,1,0,1,0,0,3,3,3,2,2,2,2,1,3,2,2,2,2,2,2,2,3,3,3,23,17,6,18,41,44,1,1,1,1,0,1,0,0,1,1,1,0,0,0,0,1,-1,0,0,0,0,0,0,0,1,1,3,3,5,6,2,5,8,1,1,1
"13","ASS_HOS_ Serviço de Controle e Prevenção e Tratamento do Tabagismo (SECOPTT)","UAP_URB_ Cidade do Sol",1,1,1,1,1,1,1,0,3,3,3,3,3,3,1,1,1,3,3,3,3,3,3,3,3,3,5,24,19,5,24,48,53,1,1,1,1,1,1,1,0,1,1,1,1,1,1,1,1,1,1,1,1,1,1,1,1,1,1,5,9,9,5,8,17,22,1,1,1
"14","CRAS_AS_ CRAS Norte Benfica","UAP_URB_ Jóquei Clube I",1,1,1,1,0,1,0,0,3,3,3,2,2,2,2,1,3,2,2,2,2,2,2,2,3,3,3,23,17,6,18,41,44,1,1,1,1,0,1,0,0,1,1,1,0,0,0,0,1,-1,0,0,0,0,0,0,0,1,1,3,3,5,6,2,5,8,1,1,1
"15","CRAS_AS_ CRAS Norte Benfica","UAP_URB_ Jóquei Clube II",1,1,1,1,0,1,0,0,3,3,3,2,2,2,2,1,3,2,2,2,2,2,2,2,3,3,3,23,17,6,18,41,44,1,1,1,1,0,1,0,0,1,1,1,0,0,0,0,1,-1,0,0,0,0,0,0,0,1,1,3,3,5,6,2,5,8,1,1,1
"16","ASS_HOS_ Serviço de Controle e Prevenção e Tratamento do Tabagismo (SECOPTT)","UAP_URB_ Monte Castelo",1,1,1,1,1,1,1,0,3,3,3,3,3,3,1,1,1,3,3,3,3,3,3,3,3,3,5,24,19,5,24,48,53,1,1,1,1,1,1,1,0,1,1,1,1,1,1,1,1,1,1,1,1,1,1,1,1,1,1,5,9,9,5,8,17,22,1,1,1
"17","ENT_SOC_ Território Aliança pela Vida  Zona Norte","UAP_URB_ Nova Era",1,1,1,1,1,1,1,0,3,3,3,3,3,3,3,1,1,3,3,3,3,3,3,3,3,3,5,26,21,5,24,50,55,1,1,1,1,1,1,1,0,1,1,1,1,1,1,-1,1,1,1,1,1,1,1,1,1,1,1,5,7,7,5,8,15,20,1,1,1
"18","ENT_SOC_ Território Aliança pela Vida  Zona Norte","UAP_URB_ Santa Cruz",1,1,1,0,1,1,1,0,3,3,3,3,3,3,3,1,1,3,3,3,3,3,3,3,3,3,4,26,21,5,24,50,54,1,1,1,0,1,1,1,0,1,1,1,1,1,1,-1,1,1,1,1,1,1,1,1,1,1,1,4,7,7,5,8,15,19,1,1,1
"19","CRAS_AS_ CRAS Norte Benfica","UAP_URB_ Santa Cruz",1,1,1,1,1,1,0,0,3,3,3,2,2,2,2,1,3,2,2,2,2,2,2,2,3,3,4,23,17,6,18,41,45,1,1,1,1,1,1,0,0,1,1,1,0,0,0,0,1,-1,0,0,0,0,0,0,0,1,1,4,3,5,6,2,5,9,1,1,1
"20","ENT_SOC_ Território Aliança pela Vida  Zona Norte","UAP_URB_ São Judas Tadeu",1,1,1,1,1,1,1,0,3,3,3,3,3,3,3,1,1,3,3,3,3,3,3,3,3,3,5,26,21,5,24,50,55,1,1,1,1,1,1,1,0,1,1,1,1,1,1,-1,1,1,1,1,1,1,1,1,1,1,1,5,7,7,5,8,15,20,1,1,1
"21","ASS_HOS_ Serviço de Controle e Prevenção e Tratamento do Tabagismo (SECOPTT)","UAP_URB_ São Judas Tadeu",1,1,1,1,1,1,1,0,3,3,3,3,3,3,1,1,1,3,3,3,3,3,3,3,3,3,5,24,19,5,24,48,53,1,1,1,1,1,1,1,0,1,1,1,1,1,1,1,1,1,1,1,1,1,1,1,1,1,1,5,9,9,5,8,17,22,1,1,1
"22","CRAS_AS_ CRAS Norte Benfica","UAP_URB_ São Judas Tadeu",1,1,1,1,0,1,0,0,3,3,3,2,2,2,2,1,3,2,2,2,2,2,2,2,3,3,3,23,17,6,18,41,44,1,1,1,1,0,1,0,0,1,1,1,0,0,0,0,1,-1,0,0,0,0,0,0,0,1,1,3,3,5,6,2,5,8,1,1,1
"23","CRAS_AS_ CRAS Norte Benfica","UAP_URB_ Vila Esperança",1,1,1,1,1,1,0,0,3,3,3,2,2,3,2,1,3,2,2,2,2,2,2,2,3,3,4,24,18,6,18,42,46,1,1,1,1,1,1,0,0,1,1,1,0,0,1,0,1,-1,0,0,0,0,0,0,0,1,1,4,4,6,6,2,6,10,1,1,1
"24","ASS_HOS_ Serviço de Controle e Prevenção e Tratamento do Tabagismo (SECOPTT)","UAP_URB_ Alto Grajaú",1,1,1,1,1,1,1,0,3,3,3,3,3,3,1,1,1,3,3,3,3,3,3,3,3,3,5,24,19,5,24,48,53,1,1,1,1,1,1,1,0,1,1,1,1,1,1,1,1,1,1,1,1,1,1,1,1,1,1,5,9,9,5,8,17,22,1,1,1
"25","ASS_HOS_ Serviço de Controle e Prevenção e Tratamento do Tabagismo (SECOPTT)","UAP_URB_ Nossa Senhora Aparecida",1,1,1,1,1,1,1,0,3,3,3,3,3,3,1,1,1,3,3,3,3,3,3,3,3,3,5,24,19,5,24,48,53,1,1,1,1,1,1,1,0,1,1,1,1,1,1,1,1,1,1,1,1,1,1,1,1,1,1,5,9,9,5,8,17,22,1,1,1
"26","ASS_HOS_ Serviço de Controle e Prevenção e Tratamento do Tabagismo (SECOPTT)","UAP_URB_ Santa Cândida/São Sebastião",1,1,1,1,1,1,1,0,3,3,3,3,3,3,1,1,1,3,3,3,3,3,3,3,3,3,5,24,19,5,24,48,53,1,1,1,1,1,1,1,0,1,1,1,1,1,1,1,1,1,1,1,1,1,1,1,1,1,1,5,9,9,5,8,17,22,1,1,1
"27","ASS_HOS_ Serviço de Controle e Prevenção e Tratamento do Tabagismo (SECOPTT)","UAP_URB_ São Benedito",1,1,1,1,1,1,1,0,3,3,3,3,3,3,1,1,1,3,3,3,3,3,3,3,3,3,5,24,19,5,24,48,53,1,1,1,1,1,1,1,0,1,1,1,1,1,1,1,1,1,1,1,1,1,1,1,1,1,1,5,9,9,5,8,17,22,1,1,1
"28","ASS_HOS_ Serviço de Controle e Prevenção e Tratamento do Tabagismo (SECOPTT)","UAP_URB_ Bairro de Lourdes",1,1,1,1,1,1,1,0,3,3,3,3,3,3,1,1,1,3,3,3,3,3,3,3,3,3,5,24,19,5,24,48,53,1,1,1,1,1,1,1,0,1,1,1,1,1,1,1,1,1,1,1,1,1,1,1,1,1,1,5,9,9,5,8,17,22,1,1,1
"29","AJU_MUT_ Grupo A.A. Vinte e Cinco de Abril","UAP_URB_ Furtado de Menezes",1,0,0,0,0,1,0,0,3,2,2,2,3,3,1,1,1,2,2,2,1,2,3,3,3,3,1,20,16,4,19,39,40,1,0,0,0,0,1,0,0,1,0,0,0,1,1,1,1,1,0,0,0,-1,0,1,1,1,1,1,6,6,4,3,9,10,1,1,1
"30","ASS_HOS_ Serviço de Controle e Prevenção e Tratamento do Tabagismo (SECOPTT)","UAP_URB_ Furtado de Menezes",1,1,1,1,1,1,1,0,3,3,3,3,3,3,1,1,1,3,3,3,3,3,3,3,3,3,5,24,19,5,24,48,53,1,1,1,1,1,1,1,0,1,1,1,1,1,1,1,1,1,1,1,1,1,1,1,1,1,1,5,9,9,5,8,17,22,1,1,1
"31","ASS_HOS_ Serviço de Controle e Prevenção e Tratamento do Tabagismo (SECOPTT)","UAP_URB_ Jardim Esperança",1,1,1,1,1,1,1,0,3,3,3,3,3,3,1,1,1,3,3,3,3,3,3,3,3,3,5,24,19,5,24,48,53,1,1,1,1,1,1,1,0,1,1,1,1,1,1,1,1,1,1,1,1,1,1,1,1,1,1,5,9,9,5,8,17,22,1,1,1
"32","ENT_SOC_ Associação Casa Viva","UAP_URB_ Vila Ideal",1,1,1,1,1,1,1,0,3,3,3,3,3,3,1,2,1,3,2,2,3,3,3,3,3,3,5,25,19,6,22,47,52,1,1,1,1,1,1,1,0,1,1,1,1,1,1,1,0,1,1,0,0,1,1,1,1,1,1,5,8,9,6,6,14,19,1,1,1
"33","ASS_HOS_ Serviço de Controle e Prevenção e Tratamento do Tabagismo (SECOPTT)","UAP_URB_ Vila Ideal",1,1,1,1,1,1,1,0,3,3,3,3,3,3,1,1,1,3,3,3,3,3,3,3,3,3,5,24,19,5,24,48,53,1,1,1,1,1,1,1,0,1,1,1,1,1,1,1,1,1,1,1,1,1,1,1,1,1,1,5,9,9,5,8,17,22,1,1,1
"34","CON_RUA_ Equipe de Consultório na Rua (UAPS de referência Vila Ideal)","UAP_URB_ Vila Ideal",1,1,1,1,1,1,1,0,3,3,3,3,3,3,1,1,1,2,2,2,3,3,3,3,3,3,5,23,19,4,22,45,50,1,1,1,1,1,1,1,0,1,1,1,1,1,1,1,1,1,0,0,0,1,1,1,1,1,1,5,9,9,4,6,15,20,1,1,1
"35","CON_RUA_ Equipe de Consultório na Rua (Associação Casa Viva)","UAP_URB_ Vila Ideal",1,1,1,1,1,1,1,0,3,3,3,3,3,3,1,1,1,2,2,2,3,3,3,3,3,3,5,23,19,4,22,45,50,1,1,1,1,1,1,1,0,1,1,1,1,1,1,1,1,1,0,0,0,1,1,1,1,1,1,5,9,9,4,6,15,20,1,1,1
"36","AJU_MUT_ Grupo A.A. Ipiranga","UAP_URB_ Ipiranga",1,0,0,0,0,1,0,0,3,3,2,2,2,3,1,2,2,2,2,2,2,2,2,2,3,3,1,22,16,6,18,40,41,1,0,0,0,0,1,0,0,1,1,0,0,0,1,1,0,0,0,0,0,0,0,0,0,1,1,1,4,6,6,2,6,7,1,1,1
"37","AJU_MUT_ Grupo A.A. Ipiranga","UAP_URB_ Santa Efigênia",1,0,0,0,0,1,0,0,3,3,2,2,2,3,1,2,2,2,2,2,2,2,2,2,3,3,1,22,16,6,18,40,41,1,0,0,0,0,1,0,0,1,1,0,0,0,1,1,0,0,0,0,0,0,0,0,0,1,1,1,4,6,6,2,6,7,1,1,1
"38","ASS_HOS_ Serviço de Controle e Prevenção e Tratamento do Tabagismo (SECOPTT)","UAP_URB_ Santa Efigênia",1,1,1,1,1,1,1,0,3,3,3,3,3,3,1,1,1,3,3,3,3,3,3,3,3,3,5,24,19,5,24,48,53,1,1,1,1,1,1,1,0,1,1,1,1,1,1,1,1,1,1,1,1,1,1,1,1,1,1,5,9,9,5,8,17,22,1,1,1
"39","AJU_MUT_ Grupo A.A. Ipiranga","UAP_URB_ Santa Luzia",1,0,0,0,0,1,0,0,3,3,2,2,2,3,1,2,2,2,2,2,2,2,2,2,3,3,1,22,16,6,18,40,41,1,0,0,0,0,1,0,0,1,1,0,0,0,1,1,0,0,0,0,0,0,0,0,0,1,1,1,4,6,6,2,6,7,1,1,1
"40","RES_TER_ Casa V2","UAP_URB_ Santa Luzia",1,1,1,1,1,1,0,0,3,3,3,3,3,3,1,1,1,3,3,3,3,3,3,3,3,3,4,24,19,5,24,48,52,1,1,1,1,1,1,0,0,1,1,1,1,1,1,1,1,1,1,1,1,1,1,1,1,1,1,4,9,9,5,8,17,21,1,1,1
"41","RES_TER_ Casa V3","UAP_URB_ Santa Luzia",1,1,1,1,1,1,0,0,3,3,3,3,3,3,1,1,1,3,3,3,3,3,3,3,3,3,4,24,19,5,24,48,52,1,1,1,1,1,1,0,0,1,1,1,1,1,1,1,1,1,1,1,1,1,1,1,1,1,1,4,9,9,5,8,17,21,1,1,1
"42","RES_TER_ Casa V4","UAP_URB_ Santa Luzia",1,1,1,1,1,1,0,0,3,3,3,3,3,3,1,1,1,3,3,3,3,3,3,3,3,3,4,24,19,5,24,48,52,1,1,1,1,1,1,0,0,1,1,1,1,1,1,1,1,1,1,1,1,1,1,1,1,1,1,4,9,9,5,8,17,21,1,1,1
"43","RES_TER_ Casa V5","UAP_URB_ Santa Luzia",1,1,1,1,1,1,0,0,3,3,3,3,3,3,1,1,1,3,3,3,3,3,3,3,3,3,4,24,19,5,24,48,52,1,1,1,1,1,1,0,0,1,1,1,1,1,1,1,1,1,1,1,1,1,1,1,1,1,1,4,9,9,5,8,17,21,1,1,1
"44","RES_TER_ Casa V6","UAP_URB_ Santa Luzia",1,1,1,1,1,1,0,0,3,3,3,3,3,3,1,1,3,3,3,3,3,3,3,3,3,3,4,26,19,7,24,50,54,1,1,1,1,1,1,0,0,1,1,1,1,1,1,1,1,-1,1,1,1,1,1,1,1,1,1,4,7,9,7,8,15,19,1,1,1
"45","ASS_HOS_ Serviço de Controle e Prevenção e Tratamento do Tabagismo (SECOPTT)","UAP_URB_ Santa Luzia",1,1,1,1,1,1,1,0,3,3,3,3,3,3,1,1,1,3,3,3,3,3,3,3,3,3,5,24,19,5,24,48,53,1,1,1,1,1,1,1,0,1,1,1,1,1,1,1,1,1,1,1,1,1,1,1,1,1,1,5,9,9,5,8,17,22,1,1,1
"46","ASS_HOS_ Serviço de Controle e Prevenção e Tratamento do Tabagismo (SECOPTT)","UAP_URB_ Nossa Senhora das Graças",1,1,1,1,1,1,1,0,3,3,3,3,3,3,1,1,1,3,3,3,3,3,3,3,3,3,5,24,19,5,24,48,53,1,1,1,1,1,1,1,0,1,1,1,1,1,1,1,1,1,1,1,1,1,1,1,1,1,1,5,9,9,5,8,17,22,1,1,1
"47","AJU_MUT_ Grupo A.A Primeiro Passo","UAP_URB_ Borboleta",1,0,0,0,0,1,0,0,3,3,3,3,3,3,1,1,3,3,3,3,1,3,3,3,3,3,1,26,19,7,22,48,49,1,0,0,0,0,1,0,0,1,1,1,1,1,1,1,1,-1,1,1,1,-1,1,1,1,1,1,1,7,9,7,6,13,14,1,1,1
"48","ASS_HOS_ Serviço de Controle e Prevenção e Tratamento do Tabagismo (SECOPTT)","UAP_URB_ Borboleta",1,1,1,1,1,1,1,0,3,3,3,3,3,3,1,1,1,3,3,3,3,3,3,3,3,3,5,24,19,5,24,48,53,1,1,1,1,1,1,1,0,1,1,1,1,1,1,1,1,1,1,1,1,1,1,1,1,1,1,5,9,9,5,8,17,22,1,1,1
"49","ASS_HOS_ Serviço de Controle e Prevenção e Tratamento do Tabagismo (SECOPTT)","UAP_URB_ Santos Dumont",1,1,1,1,1,1,1,0,3,3,3,3,3,3,1,1,1,3,3,3,3,3,3,3,3,3,5,24,19,5,24,48,53,1,1,1,1,1,1,1,0,1,1,1,1,1,1,1,1,1,1,1,1,1,1,1,1,1,1,5,9,9,5,8,17,22,1,1,1
"50","ASS_HOS_ Serviço de Controle e Prevenção e Tratamento do Tabagismo (SECOPTT)","UAP_URB_ São Pedro",1,1,1,1,1,1,1,0,3,3,3,3,3,3,1,1,1,3,3,3,3,3,3,3,3,3,5,24,19,5,24,48,53,1,1,1,1,1,1,1,0,1,1,1,1,1,1,1,1,1,1,1,1,1,1,1,1,1,1,5,9,9,5,8,17,22,1,1,1
"51","AJU_MUT_ Grupo A.A Primeiro Passo","AJU_MUT_ ALANON Grupo Só Por Hoje",1,1,0,1,0,1,1,1,3,3,3,3,3,3,1,1,1,3,3,3,3,3,3,3,3,3,4,24,19,5,24,48,52,1,1,0,1,0,1,1,1,1,1,1,1,1,1,1,1,1,1,1,1,1,1,1,1,1,1,4,9,9,5,8,17,21,1,1,1
"52","AJU_MUT_ Grupo A.A Primeiro Passo","AJU_MUT_ Grupo A.A Juiz de Fora (Sala de abordagem)",1,1,0,1,0,1,1,1,3,3,3,3,3,3,1,1,1,3,3,3,3,3,3,3,3,3,4,24,19,5,24,48,52,1,1,0,1,0,1,1,1,1,1,1,1,1,1,1,1,1,1,1,1,1,1,1,1,1,1,4,9,9,5,8,17,21,1,1,1
"53","ASS_HOS_ Hospital Ana Nery","AJU_MUT_ Grupo A.A Juiz de Fora (Sala de abordagem)",1,1,0,0,1,1,0,0,3,3,3,3,3,3,3,1,3,3,3,3,3,3,3,3,3,3,2,28,21,7,24,52,54,1,1,0,0,1,1,0,0,1,1,1,1,1,1,-1,1,-1,1,1,1,1,1,1,1,1,1,2,5,7,7,8,13,15,1,1,1
"54","AJU_MUT_ Grupo A.A Primeiro Passo","AJU_MUT_ Grupo A.A. Central",1,1,0,1,0,1,1,1,3,3,3,3,3,3,1,1,1,3,3,3,3,3,3,3,3,3,4,24,19,5,24,48,52,1,1,0,1,0,1,1,1,1,1,1,1,1,1,1,1,1,1,1,1,1,1,1,1,1,1,4,9,9,5,8,17,21,1,1,1
"55","EA_DQCT_ Grupo de Apoio à Família e aos Dependentes Químicos – GAFADEQUI","AJU_MUT_ Grupo A.A. Central",1,0,1,0,0,1,0,0,3,3,3,3,3,2,1,1,1,3,3,3,3,3,2,2,3,3,2,23,18,5,22,45,47,1,0,1,0,0,1,0,0,1,1,1,1,1,0,1,1,1,1,1,1,1,1,0,0,1,1,2,8,8,5,6,14,16,1,1,1
"56","EA_DQCT_ Grupo de Apoio à Família e aos Dependentes Químicos – GAFADEQUI.1","AJU_MUT_ Grupo A.A. Central",1,0,1,1,0,1,0,0,3,3,1,1,3,3,1,1,1,2,2,3,1,3,2,2,3,3,3,19,15,4,19,38,41,1,0,1,1,0,1,0,0,1,1,-1,-1,1,1,1,1,1,0,0,1,-1,1,0,0,1,1,3,5,5,4,3,8,11,1,1,1
"57","CRAS_AS_ CRAS Oeste São Pedro","AJU_MUT_ Grupo A.A. Central",1,0,1,0,0,1,0,0,3,3,3,3,3,3,1,1,1,3,3,3,3,3,3,3,3,3,2,24,19,5,24,48,50,1,0,1,0,0,1,0,0,1,1,1,1,1,1,1,1,1,1,1,1,1,1,1,1,1,1,2,9,9,5,8,17,19,1,1,1
"58","AJU_MUT_ Grupo A.A Primeiro Passo","AJU_MUT_ Grupo A.A. Libertação",1,1,0,1,0,1,1,1,3,3,3,3,3,3,1,1,1,3,3,3,3,3,3,3,3,3,4,24,19,5,24,48,52,1,1,0,1,0,1,1,1,1,1,1,1,1,1,1,1,1,1,1,1,1,1,1,1,1,1,4,9,9,5,8,17,21,1,1,1
"59","AJU_MUT_ Grupo A.A Primeiro Passo","AJU_MUT_ Grupo A.A. Reunidos",1,1,0,1,0,1,1,1,3,3,3,3,3,3,1,1,1,3,3,3,3,3,3,3,3,3,4,24,19,5,24,48,52,1,1,0,1,0,1,1,1,1,1,1,1,1,1,1,1,1,1,1,1,1,1,1,1,1,1,4,9,9,5,8,17,21,1,1,1
"60","ENT_SOC_ Casa São Camilo de Lelis","AJU_MUT_ Grupo A.A. Reunidos",1,0,0,1,0,1,0,0,3,3,2,3,3,3,1,1,1,3,3,3,3,3,3,3,3,3,2,23,18,5,24,47,49,1,0,0,1,0,1,0,0,1,1,0,1,1,1,1,1,1,1,1,1,1,1,1,1,1,1,2,8,8,5,8,16,18,1,1,1
"61","AJU_MUT_ Grupo A.A Primeiro Passo","AJU_MUT_ Grupo N.A. Glória",1,1,0,1,0,1,1,1,3,3,3,3,3,3,1,1,1,3,3,3,3,3,3,3,3,3,4,24,19,5,24,48,52,1,1,0,1,0,1,1,1,1,1,1,1,1,1,1,1,1,1,1,1,1,1,1,1,1,1,4,9,9,5,8,17,21,1,1,1
"62","EA_DQCT_ Centro de Recuperação SOS Vida","AJU_MUT_ Grupo N.A. Glória",1,0,1,0,0,1,0,0,1,3,1,2,1,3,3,3,3,3,3,3,1,3,3,3,3,3,2,23,14,9,22,45,47,1,0,1,0,0,1,0,0,-1,1,-1,0,-1,1,-1,-1,-1,1,1,1,-1,1,1,1,1,1,2,-4,0,9,6,2,4,1,1,1
"63","EA_DQCT_ Grupo de Apoio à Família e aos Dependentes Químicos – GAFADEQUI","AJU_MUT_ Grupo N.A. Glória",1,0,1,0,0,1,0,0,3,3,3,3,3,2,1,1,1,2,3,3,3,3,2,2,3,3,2,22,18,4,22,44,46,1,0,1,0,0,1,0,0,1,1,1,1,1,0,1,1,1,0,1,1,1,1,0,0,1,1,2,8,8,4,6,14,16,1,1,1
"64","EA_DQCT_ Grupo de Apoio à Família e aos Dependentes Químicos – GAFADEQUI.1","AJU_MUT_ Grupo N.A. Glória",1,0,1,0,0,1,0,0,3,3,1,1,3,3,1,1,1,2,2,3,1,3,2,2,3,3,2,19,15,4,19,38,40,1,0,1,0,0,1,0,0,1,1,-1,-1,1,1,1,1,1,0,0,1,-1,1,0,0,1,1,2,5,5,4,3,8,10,1,1,1
"65","AJU_MUT_ Grupo A.A Primeiro Passo","AJU_MUT_ Grupo N.A. Libertação",1,1,0,1,0,1,1,1,3,3,3,3,3,3,1,1,1,3,3,3,3,3,3,3,3,3,4,24,19,5,24,48,52,1,1,0,1,0,1,1,1,1,1,1,1,1,1,1,1,1,1,1,1,1,1,1,1,1,1,4,9,9,5,8,17,21,1,1,1
"66","EA_DQCT_ Centro de Tratamento Deville","AJU_MUT_ Grupo N.A. Libertação",1,0,1,0,1,1,1,0,3,3,3,3,3,3,1,3,1,3,3,2,1,2,3,3,3,3,4,26,19,7,20,46,50,1,0,1,0,1,1,1,0,1,1,1,1,1,1,1,-1,1,1,1,0,-1,0,1,1,1,1,4,7,9,7,4,11,15,1,1,1
"67","EA_DQCT_ Centro de Recuperação SOS Vida","AJU_MUT_ Grupo N.A. Libertação",1,0,1,0,0,1,0,0,2,3,1,2,1,3,3,3,3,3,3,3,1,3,3,3,3,3,2,24,15,9,22,46,48,1,0,1,0,0,1,0,0,0,1,-1,0,-1,1,-1,-1,-1,1,1,1,-1,1,1,1,1,1,2,-3,1,9,6,3,5,1,1,1
"68","AJU_MUT_ NARANON Grupo Parque Halfeld","AJU_MUT_ NARANON Grupo Glória",1,0,1,1,0,1,0,0,3,3,3,3,3,3,1,1,1,2,2,3,3,3,3,3,3,3,3,23,19,4,23,46,49,1,0,1,1,0,1,0,0,1,1,1,1,1,1,1,1,1,0,0,1,1,1,1,1,1,1,3,9,9,4,7,16,19,1,1,1
"69","AJU_MUT_ Grupo A.A Primeiro Passo","AJU_MUT_ NARANON Grupo Glória",1,1,0,1,0,1,1,1,3,3,3,3,3,3,1,1,1,3,3,3,3,3,3,3,3,3,4,24,19,5,24,48,52,1,1,0,1,0,1,1,1,1,1,1,1,1,1,1,1,1,1,1,1,1,1,1,1,1,1,4,9,9,5,8,17,21,1,1,1
"70","AJU_MUT_ Grupo A.A Primeiro Passo","AJU_MUT_ NARANON Grupo Parque Halfeld",1,1,0,1,0,1,1,1,3,3,3,3,3,3,1,1,1,3,3,3,3,3,3,3,3,3,4,24,19,5,24,48,52,1,1,0,1,0,1,1,1,1,1,1,1,1,1,1,1,1,1,1,1,1,1,1,1,1,1,4,9,9,5,8,17,21,1,1,1
"71","AJU_MUT_ Grupo A.A Primeiro Passo","AJU_MUT_ Pastoral da Sobriedade",1,1,0,1,0,1,1,1,3,3,3,3,3,3,1,1,1,3,3,3,3,3,3,3,3,3,4,24,19,5,24,48,52,1,1,0,1,0,1,1,1,1,1,1,1,1,1,1,1,1,1,1,1,1,1,1,1,1,1,4,9,9,5,8,17,21,1,1,1
"72","AJU_MUT_ Grupo A.A Primeiro Passo","AJU_MUT_ Grupo A.A. Azul e Branco",1,1,0,1,0,1,1,1,3,3,3,3,3,3,1,1,1,3,3,3,3,3,3,3,3,3,4,24,19,5,24,48,52,1,1,0,1,0,1,1,1,1,1,1,1,1,1,1,1,1,1,1,1,1,1,1,1,1,1,4,9,9,5,8,17,21,1,1,1
"73","AJU_MUT_ NARANON Grupo Parque Halfeld","AJU_MUT_ NARANON Grupo Renascer",1,0,1,1,0,1,0,0,3,3,3,3,3,3,1,1,1,2,2,3,3,3,3,3,3,3,3,23,19,4,23,46,49,1,0,1,1,0,1,0,0,1,1,1,1,1,1,1,1,1,0,0,1,1,1,1,1,1,1,3,9,9,4,7,16,19,1,1,1
"74","AJU_MUT_ Grupo A.A Primeiro Passo","AJU_MUT_ NARANON Grupo Renascer",1,1,0,1,0,1,1,1,3,3,3,3,3,3,1,1,1,3,3,3,3,3,3,3,3,3,4,24,19,5,24,48,52,1,1,0,1,0,1,1,1,1,1,1,1,1,1,1,1,1,1,1,1,1,1,1,1,1,1,4,9,9,5,8,17,21,1,1,1
"75","AJU_MUT_ Grupo A.A Primeiro Passo","AJU_MUT_ Grupo A.A. 29 de Junho",1,1,0,1,0,1,1,1,3,3,3,3,3,3,1,1,1,3,3,3,3,3,3,3,3,3,4,24,19,5,24,48,52,1,1,0,1,0,1,1,1,1,1,1,1,1,1,1,1,1,1,1,1,1,1,1,1,1,1,4,9,9,5,8,17,21,1,1,1
"76","AJU_MUT_ Grupo A.A Primeiro Passo","AJU_MUT_ Grupo A.A. Cidade do Sol",1,1,0,1,0,1,1,1,3,3,3,3,3,3,1,1,1,3,3,3,3,3,3,3,3,3,4,24,19,5,24,48,52,1,1,0,1,0,1,1,1,1,1,1,1,1,1,1,1,1,1,1,1,1,1,1,1,1,1,4,9,9,5,8,17,21,1,1,1
"77","AJU_MUT_ Grupo A.A Primeiro Passo","AJU_MUT_ Grupo A.A. Caminho Da Salvação",1,1,0,1,0,1,1,1,3,3,3,3,3,3,1,1,1,3,3,3,3,3,3,3,3,3,4,24,19,5,24,48,52,1,1,0,1,0,1,1,1,1,1,1,1,1,1,1,1,1,1,1,1,1,1,1,1,1,1,4,9,9,5,8,17,21,1,1,1
"78","AJU_MUT_ Grupo A.A Primeiro Passo","AJU_MUT_ Grupo A.A. Dois de Março",1,1,0,1,0,1,1,1,3,3,3,3,3,3,1,1,1,3,3,3,3,3,3,3,3,3,4,24,19,5,24,48,52,1,1,0,1,0,1,1,1,1,1,1,1,1,1,1,1,1,1,1,1,1,1,1,1,1,1,4,9,9,5,8,17,21,1,1,1
"79","AJU_MUT_ Grupo A.A Primeiro Passo","AJU_MUT_ Grupo A.A. Corrente da Sobriedade",1,1,0,1,0,1,1,1,3,3,3,3,3,3,1,1,1,3,3,3,3,3,3,3,3,3,4,24,19,5,24,48,52,1,1,0,1,0,1,1,1,1,1,1,1,1,1,1,1,1,1,1,1,1,1,1,1,1,1,4,9,9,5,8,17,21,1,1,1
"80","AJU_MUT_ Grupo A.A Primeiro Passo","AJU_MUT_ Grupo A.A. Milho Branco",1,1,0,1,0,1,1,1,3,3,3,3,3,3,1,1,1,3,3,3,3,3,3,3,3,3,4,24,19,5,24,48,52,1,1,0,1,0,1,1,1,1,1,1,1,1,1,1,1,1,1,1,1,1,1,1,1,1,1,4,9,9,5,8,17,21,1,1,1
"81","AJU_MUT_ Grupo A.A Primeiro Passo","AJU_MUT_ Grupo A.A. Luz Divina",1,1,0,1,0,1,1,1,3,3,3,3,3,3,1,1,1,3,3,3,3,3,3,3,3,3,4,24,19,5,24,48,52,1,1,0,1,0,1,1,1,1,1,1,1,1,1,1,1,1,1,1,1,1,1,1,1,1,1,4,9,9,5,8,17,21,1,1,1
"82","UAP_URB_ Nova Era","AJU_MUT_ Grupo A.A. Nova Era",1,0,1,0,0,1,0,1,3,3,1,1,1,3,1,1,1,3,3,2,3,2,3,1,3,3,3,18,13,5,20,38,41,1,0,1,0,0,1,0,1,1,1,-1,-1,-1,1,1,1,1,1,1,0,1,0,1,-1,1,1,3,3,3,5,4,7,10,1,1,1
"83","AJU_MUT_ Grupo A.A Primeiro Passo","AJU_MUT_ Grupo A.A. Nova Era",1,1,0,1,0,1,1,1,3,3,3,3,3,3,1,1,1,3,3,3,3,3,3,3,3,3,4,24,19,5,24,48,52,1,1,0,1,0,1,1,1,1,1,1,1,1,1,1,1,1,1,1,1,1,1,1,1,1,1,4,9,9,5,8,17,21,1,1,1
"84","AJU_MUT_ Grupo A.A Primeiro Passo","AJU_MUT_ Grupo A.A União",1,1,0,1,0,1,1,1,3,3,3,3,3,3,1,1,1,3,3,3,3,3,3,3,3,3,4,24,19,5,24,48,52,1,1,0,1,0,1,1,1,1,1,1,1,1,1,1,1,1,1,1,1,1,1,1,1,1,1,4,9,9,5,8,17,21,1,1,1
"85","AJU_MUT_ Grupo A.A Primeiro Passo","AJU_MUT_ Grupo A.A. Bairu",1,1,0,1,0,1,1,1,3,3,3,3,3,3,1,1,1,3,3,3,3,3,3,3,3,3,4,24,19,5,24,48,52,1,1,0,1,0,1,1,1,1,1,1,1,1,1,1,1,1,1,1,1,1,1,1,1,1,1,4,9,9,5,8,17,21,1,1,1
"86","AJU_MUT_ Grupo A.A Primeiro Passo","AJU_MUT_ Grupo N.A. Caminho Verdade",1,1,0,1,0,1,1,1,3,3,3,3,3,3,1,1,1,3,3,3,3,3,3,3,3,3,4,24,19,5,24,48,52,1,1,0,1,0,1,1,1,1,1,1,1,1,1,1,1,1,1,1,1,1,1,1,1,1,1,4,9,9,5,8,17,21,1,1,1
"87","EA_DQCT_ Centro de Recuperação SOS Vida","AJU_MUT_ Grupo N.A. Caminho Verdade",1,0,1,0,0,1,0,0,2,3,1,2,1,3,3,3,3,3,3,3,1,3,3,3,3,3,2,24,15,9,22,46,48,1,0,1,0,0,1,0,0,0,1,-1,0,-1,1,-1,-1,-1,1,1,1,-1,1,1,1,1,1,2,-3,1,9,6,3,5,1,1,1
"88","AJU_MUT_ Grupo A.A Primeiro Passo","AJU_MUT_ Grupo A.A. Bonfim",1,1,0,1,0,1,1,1,3,3,3,3,3,3,1,1,1,3,3,3,3,3,3,3,3,3,4,24,19,5,24,48,52,1,1,0,1,0,1,1,1,1,1,1,1,1,1,1,1,1,1,1,1,1,1,1,1,1,1,4,9,9,5,8,17,21,1,1,1
"89","AJU_MUT_ Grupo A.A Primeiro Passo","AJU_MUT_ Grupo A.A. Linhares",1,1,0,1,0,1,1,1,3,3,3,3,3,3,1,1,1,3,3,3,3,3,3,3,3,3,4,24,19,5,24,48,52,1,1,0,1,0,1,1,1,1,1,1,1,1,1,1,1,1,1,1,1,1,1,1,1,1,1,4,9,9,5,8,17,21,1,1,1
"90","AJU_MUT_ Grupo A.A Primeiro Passo","AJU_MUT_ Grupo A.A Redenção Abolição",1,1,0,1,0,1,1,1,3,3,3,3,3,3,1,1,1,3,3,3,3,3,3,3,3,3,4,24,19,5,24,48,52,1,1,0,1,0,1,1,1,1,1,1,1,1,1,1,1,1,1,1,1,1,1,1,1,1,1,4,9,9,5,8,17,21,1,1,1
"91","AJU_MUT_ Grupo A.A Primeiro Passo","AJU_MUT_ Grupo A.A. Progresso",1,1,0,1,0,1,1,1,3,3,3,3,3,3,1,1,1,3,3,3,3,3,3,3,3,3,4,24,19,5,24,48,52,1,1,0,1,0,1,1,1,1,1,1,1,1,1,1,1,1,1,1,1,1,1,1,1,1,1,4,9,9,5,8,17,21,1,1,1
"92","AJU_MUT_ Grupo A.A Primeiro Passo","AJU_MUT_ Grupo A.A. Estrela D´Alva",1,1,0,1,0,1,1,1,3,3,3,3,3,3,1,1,1,3,3,3,3,3,3,3,3,3,4,24,19,5,24,48,52,1,1,0,1,0,1,1,1,1,1,1,1,1,1,1,1,1,1,1,1,1,1,1,1,1,1,4,9,9,5,8,17,21,1,1,1
"93","AJU_MUT_ Grupo A.A Primeiro Passo","AJU_MUT_ Grupo A.A. Primeira Tradição",1,1,0,1,0,1,1,1,3,3,3,3,3,3,1,1,1,3,3,3,3,3,3,3,3,3,4,24,19,5,24,48,52,1,1,0,1,0,1,1,1,1,1,1,1,1,1,1,1,1,1,1,1,1,1,1,1,1,1,4,9,9,5,8,17,21,1,1,1
"94","AJU_MUT_ Grupo A.A Primeiro Passo","AJU_MUT_ Grupo A.A. Estrela do Oriente",1,1,0,1,0,1,1,1,3,3,3,3,3,3,1,1,1,3,3,3,3,3,3,3,3,3,4,24,19,5,24,48,52,1,1,0,1,0,1,1,1,1,1,1,1,1,1,1,1,1,1,1,1,1,1,1,1,1,1,4,9,9,5,8,17,21,1,1,1
"95","CRE_SOC_ CREAS População de Rua (CentroPop)","AJU_MUT_ Grupo A.A. Estrela do Oriente",1,0,0,0,0,1,0,0,3,3,3,3,3,3,1,1,1,3,2,3,3,3,3,2,3,3,1,24,19,5,22,46,47,1,0,0,0,0,1,0,0,1,1,1,1,1,1,1,1,1,1,0,1,1,1,1,0,1,1,1,9,9,5,6,15,16,1,1,1
"96","AJU_MUT_ Grupo A.A Primeiro Passo","AJU_MUT_ Grupo de Apoio São Pedro do Amor Exigente (GASPAE)",1,1,0,1,0,1,1,1,3,3,3,3,3,3,1,1,1,3,3,3,3,3,3,3,3,3,4,24,19,5,24,48,52,1,1,0,1,0,1,1,1,1,1,1,1,1,1,1,1,1,1,1,1,1,1,1,1,1,1,4,9,9,5,8,17,21,1,1,1
"97","AJU_MUT_ Grupo de Apoio Benfica de Amor Exigente (GABENAE)","AJU_MUT_ Grupo de Apoio São Pedro do Amor Exigente (GASPAE)",1,1,1,1,1,1,0,0,3,3,3,3,3,3,1,1,1,3,3,3,3,3,3,3,3,3,4,24,19,5,24,48,52,1,1,1,1,1,1,0,0,1,1,1,1,1,1,1,1,1,1,1,1,1,1,1,1,1,1,4,9,9,5,8,17,21,1,1,1
"98","AJU_MUT_ Grupo de Apoio São Mateus de Amor Exigente (GASMAE)","AJU_MUT_ Grupo de Apoio São Pedro do Amor Exigente (GASPAE)",1,1,1,1,1,1,0,1,3,3,3,3,3,3,1,1,1,3,3,3,3,3,3,3,3,3,5,24,19,5,24,48,53,1,1,1,1,1,1,0,1,1,1,1,1,1,1,1,1,1,1,1,1,1,1,1,1,1,1,5,9,9,5,8,17,22,1,1,1
"99","AJU_MUT_ Grupo de Amor Exigente Linhares","AJU_MUT_ Grupo de Apoio São Pedro do Amor Exigente (GASPAE)",1,1,1,1,1,1,0,1,3,3,3,3,3,3,1,1,1,3,3,3,3,3,3,3,3,3,5,24,19,5,24,48,53,1,1,1,1,1,1,0,1,1,1,1,1,1,1,1,1,1,1,1,1,1,1,1,1,1,1,5,9,9,5,8,17,22,1,1,1
"100","AJU_MUT_ Grupo de Amor Exigente Santa Terezinha","AJU_MUT_ Grupo de Apoio São Pedro do Amor Exigente (GASPAE)",1,1,1,1,1,1,0,1,3,3,3,3,3,3,1,1,1,3,3,3,3,3,3,3,3,3,5,24,19,5,24,48,53,1,1,1,1,1,1,0,1,1,1,1,1,1,1,1,1,1,1,1,1,1,1,1,1,1,1,5,9,9,5,8,17,22,1,1,1
"101","ENT_SOC_ Grupo Espírita de Ajuda aos Enfermos (GEDAE)","AJU_MUT_ Grupo de Apoio São Pedro do Amor Exigente (GASPAE)",1,1,1,1,1,1,1,1,3,3,3,3,3,3,1,1,1,3,3,3,3,3,3,3,3,3,6,24,19,5,24,48,54,1,1,1,1,1,1,1,1,1,1,1,1,1,1,1,1,1,1,1,1,1,1,1,1,1,1,6,9,9,5,8,17,23,1,1,1
"102","AJU_MUT_ Grupo A.A Primeiro Passo","AJU_MUT_ Grupo A.A Duas Vidas",1,1,0,1,0,1,1,1,3,3,3,3,3,3,1,1,1,3,3,3,3,3,3,3,3,3,4,24,19,5,24,48,52,1,1,0,1,0,1,1,1,1,1,1,1,1,1,1,1,1,1,1,1,1,1,1,1,1,1,4,9,9,5,8,17,21,1,1,1
"103","AJU_MUT_ Grupo A.A Primeiro Passo","AJU_MUT_ Grupo A.A. Vinte e Cinco de Abril",1,1,0,1,0,1,1,1,3,3,3,3,3,3,1,1,1,3,3,3,3,3,3,3,3,3,4,24,19,5,24,48,52,1,1,0,1,0,1,1,1,1,1,1,1,1,1,1,1,1,1,1,1,1,1,1,1,1,1,4,9,9,5,8,17,21,1,1,1
"104","AJU_MUT_ Grupo A.A Primeiro Passo","AJU_MUT_ Grupo A.A. Liberdade",1,1,0,1,0,1,1,1,3,3,3,3,3,3,1,1,1,3,3,3,3,3,3,3,3,3,4,24,19,5,24,48,52,1,1,0,1,0,1,1,1,1,1,1,1,1,1,1,1,1,1,1,1,1,1,1,1,1,1,4,9,9,5,8,17,21,1,1,1
"105","AJU_MUT_ Grupo A.A Primeiro Passo","AJU_MUT_ Grupo A.A. Ipiranga",1,1,0,1,0,1,1,1,3,3,3,3,3,3,1,1,1,3,3,3,3,3,3,3,3,3,4,24,19,5,24,48,52,1,1,0,1,0,1,1,1,1,1,1,1,1,1,1,1,1,1,1,1,1,1,1,1,1,1,4,9,9,5,8,17,21,1,1,1
"106","EA_DQCT_ Centro de Recuperação SOS Vida","AJU_MUT_ Grupo N.A Rendição",1,0,1,0,0,1,0,0,1,3,1,2,1,3,3,3,3,3,3,3,1,3,3,3,3,3,2,23,14,9,22,45,47,1,0,1,0,0,1,0,0,-1,1,-1,0,-1,1,-1,-1,-1,1,1,1,-1,1,1,1,1,1,2,-4,0,9,6,2,4,1,1,1
"107","AJU_MUT_ Grupo A.A. Reunidos","AJU_MUT_ Escritório de Serviços Locais dos Álcoólicos Anônimos de Juiz de Fora",1,1,0,1,0,1,0,0,3,3,3,3,3,3,1,1,1,3,3,3,3,3,3,3,3,3,2,24,19,5,24,48,50,1,1,0,1,0,1,0,0,1,1,1,1,1,1,1,1,1,1,1,1,1,1,1,1,1,1,2,9,9,5,8,17,19,1,1,1
"108","AJU_MUT_ Grupo de Apoio São Pedro do Amor Exigente (GASPAE)","AJU_MUT_ Grupo de Apoio Benfica de Amor Exigente (GABENAE)",1,1,1,1,1,1,1,0,3,3,3,3,3,3,3,3,1,1,1,3,3,3,3,3,3,3,5,26,21,5,22,48,53,1,1,1,1,1,1,1,0,1,1,1,1,1,1,-1,-1,1,-1,-1,1,1,1,1,1,1,1,5,5,7,5,6,11,16,1,1,1
"109","AJU_MUT_ Grupo de Apoio São Mateus de Amor Exigente (GASMAE)","AJU_MUT_ Grupo de Apoio Benfica de Amor Exigente (GABENAE)",1,1,1,1,1,1,0,0,3,3,3,3,3,3,3,3,1,1,1,3,3,3,3,3,3,3,4,26,21,5,22,48,52,1,1,1,1,1,1,0,0,1,1,1,1,1,1,-1,-1,1,-1,-1,1,1,1,1,1,1,1,4,5,7,5,6,11,15,1,1,1
"110","AJU_MUT_ Grupo de Amor Exigente Linhares","AJU_MUT_ Grupo de Apoio Benfica de Amor Exigente (GABENAE)",1,1,1,1,1,1,0,0,3,3,3,3,3,3,3,3,1,1,1,3,3,3,3,3,3,3,4,26,21,5,22,48,52,1,1,1,1,1,1,0,0,1,1,1,1,1,1,-1,-1,1,-1,-1,1,1,1,1,1,1,1,4,5,7,5,6,11,15,1,1,1
"111","AJU_MUT_ Grupo de Amor Exigente Santa Terezinha","AJU_MUT_ Grupo de Apoio Benfica de Amor Exigente (GABENAE)",1,1,1,1,1,1,0,0,3,3,3,3,3,3,3,3,1,1,1,3,3,3,3,3,3,3,4,26,21,5,22,48,52,1,1,1,1,1,1,0,0,1,1,1,1,1,1,-1,-1,1,-1,-1,1,1,1,1,1,1,1,4,5,7,5,6,11,15,1,1,1
"112","AJU_MUT_ Grupo de Apoio São Pedro do Amor Exigente (GASPAE)","AJU_MUT_ Grupo de Apoio São Mateus de Amor Exigente (GASMAE)",1,1,1,1,1,1,1,0,3,3,3,3,3,3,3,3,1,1,1,3,3,3,3,3,3,3,5,26,21,5,22,48,53,1,1,1,1,1,1,1,0,1,1,1,1,1,1,-1,-1,1,-1,-1,1,1,1,1,1,1,1,5,5,7,5,6,11,16,1,1,1
"113","AJU_MUT_ Grupo de Apoio Benfica de Amor Exigente (GABENAE)","AJU_MUT_ Grupo de Apoio São Mateus de Amor Exigente (GASMAE)",1,1,1,1,1,1,0,0,3,3,3,3,3,3,3,3,1,1,1,3,3,3,3,3,3,3,4,26,21,5,22,48,52,1,1,1,1,1,1,0,0,1,1,1,1,1,1,-1,-1,1,-1,-1,1,1,1,1,1,1,1,4,5,7,5,6,11,15,1,1,1
"114","AJU_MUT_ Grupo de Amor Exigente Linhares","AJU_MUT_ Grupo de Apoio São Mateus de Amor Exigente (GASMAE)",1,1,1,1,1,1,0,0,3,3,3,3,3,3,3,3,1,1,1,3,3,3,3,3,3,3,4,26,21,5,22,48,52,1,1,1,1,1,1,0,0,1,1,1,1,1,1,-1,-1,1,-1,-1,1,1,1,1,1,1,1,4,5,7,5,6,11,15,1,1,1
"115","AJU_MUT_ Grupo de Amor Exigente Santa Terezinha","AJU_MUT_ Grupo de Apoio São Mateus de Amor Exigente (GASMAE)",1,1,1,1,1,1,0,0,3,3,3,3,3,3,3,3,1,1,1,3,3,3,3,3,3,3,4,26,21,5,22,48,52,1,1,1,1,1,1,0,0,1,1,1,1,1,1,-1,-1,1,-1,-1,1,1,1,1,1,1,1,4,5,7,5,6,11,15,1,1,1
"116","AJU_MUT_ Grupo de Apoio São Pedro do Amor Exigente (GASPAE)","AJU_MUT_ Grupo de Amor Exigente Linhares",1,1,1,1,1,1,1,0,3,3,3,3,3,3,3,3,1,1,1,3,3,3,3,3,3,3,5,26,21,5,22,48,53,1,1,1,1,1,1,1,0,1,1,1,1,1,1,-1,-1,1,-1,-1,1,1,1,1,1,1,1,5,5,7,5,6,11,16,1,1,1
"117","AJU_MUT_ Grupo de Apoio Benfica de Amor Exigente (GABENAE)","AJU_MUT_ Grupo de Amor Exigente Linhares",1,1,1,1,1,1,0,0,3,3,3,3,3,3,3,3,1,1,1,3,3,3,3,3,3,3,4,26,21,5,22,48,52,1,1,1,1,1,1,0,0,1,1,1,1,1,1,-1,-1,1,-1,-1,1,1,1,1,1,1,1,4,5,7,5,6,11,15,1,1,1
"118","AJU_MUT_ Grupo de Apoio São Mateus de Amor Exigente (GASMAE)","AJU_MUT_ Grupo de Amor Exigente Linhares",1,1,1,1,1,1,0,0,3,3,3,3,3,3,3,3,1,1,1,3,3,3,3,3,3,3,4,26,21,5,22,48,52,1,1,1,1,1,1,0,0,1,1,1,1,1,1,-1,-1,1,-1,-1,1,1,1,1,1,1,1,4,5,7,5,6,11,15,1,1,1
"119","AJU_MUT_ Grupo de Amor Exigente Santa Terezinha","AJU_MUT_ Grupo de Amor Exigente Linhares",1,1,1,1,1,1,0,0,3,3,3,3,3,3,3,3,1,1,1,3,3,3,3,3,3,3,4,26,21,5,22,48,52,1,1,1,1,1,1,0,0,1,1,1,1,1,1,-1,-1,1,-1,-1,1,1,1,1,1,1,1,4,5,7,5,6,11,15,1,1,1
"120","AJU_MUT_ Grupo de Apoio São Pedro do Amor Exigente (GASPAE)","AJU_MUT_ Grupo de Amor Exigente Santa Terezinha",1,1,1,1,1,1,1,0,3,3,3,3,3,3,3,3,1,1,1,3,3,3,3,3,3,3,5,26,21,5,22,48,53,1,1,1,1,1,1,1,0,1,1,1,1,1,1,-1,-1,1,-1,-1,1,1,1,1,1,1,1,5,5,7,5,6,11,16,1,1,1
"121","AJU_MUT_ Grupo de Apoio Benfica de Amor Exigente (GABENAE)","AJU_MUT_ Grupo de Amor Exigente Santa Terezinha",1,1,1,1,1,1,0,0,3,3,3,3,3,3,3,3,1,1,1,3,3,3,3,3,3,3,4,26,21,5,22,48,52,1,1,1,1,1,1,0,0,1,1,1,1,1,1,-1,-1,1,-1,-1,1,1,1,1,1,1,1,4,5,7,5,6,11,15,1,1,1
"122","AJU_MUT_ Grupo de Apoio São Mateus de Amor Exigente (GASMAE)","AJU_MUT_ Grupo de Amor Exigente Santa Terezinha",1,1,1,1,1,1,0,0,3,3,3,3,3,3,3,3,1,1,1,3,3,3,3,3,3,3,4,26,21,5,22,48,52,1,1,1,1,1,1,0,0,1,1,1,1,1,1,-1,-1,1,-1,-1,1,1,1,1,1,1,1,4,5,7,5,6,11,15,1,1,1
"123","AJU_MUT_ Grupo de Amor Exigente Linhares","AJU_MUT_ Grupo de Amor Exigente Santa Terezinha",1,1,1,1,1,1,0,0,3,3,3,3,3,3,3,3,1,1,1,3,3,3,3,3,3,3,4,26,21,5,22,48,52,1,1,1,1,1,1,0,0,1,1,1,1,1,1,-1,-1,1,-1,-1,1,1,1,1,1,1,1,4,5,7,5,6,11,15,1,1,1
"124","EA_DQCT_ Centro de Recuperação SOS Vida","EA_DQCT_ Associação Beneficente Cristã Restituir",1,0,0,1,0,1,1,0,3,3,1,2,1,3,1,3,3,1,1,1,1,1,3,1,3,3,3,21,14,7,14,35,38,1,0,0,1,0,1,1,0,1,1,-1,0,-1,1,1,-1,-1,-1,-1,-1,-1,-1,1,-1,1,1,3,0,4,7,-2,-2,1,1,1,1
"125","EA_DQCT_ Centro de Recuperação Resgatando Vidas","EA_DQCT_ Centro de Recuperação Resgatando Vidas (Escritório)",1,1,0,1,1,1,0,0,3,3,3,3,3,3,1,1,1,3,3,3,3,3,3,3,3,3,3,24,19,5,24,48,51,1,1,0,1,1,1,0,0,1,1,1,1,1,1,1,1,1,1,1,1,1,1,1,1,1,1,3,9,9,5,8,17,20,1,1,1
"126","ENT_SOC_ Território Aliança pela Vida  Zona Norte","EA_DQCT_ Centro de Recuperação Resgatando Vidas (Escritório)",1,1,1,1,1,1,0,1,3,3,3,3,3,3,3,1,1,3,3,3,3,3,3,3,3,3,5,26,21,5,24,50,55,1,1,1,1,1,1,0,1,1,1,1,1,1,1,-1,1,1,1,1,1,1,1,1,1,1,1,5,7,7,5,8,15,20,1,1,1
"127","EA_DQCT_ Associação Beneficente Cristã Restituir","EA_DQCT_ Centro Terapêutico Reconstruir (escritório)",1,1,1,1,1,1,0,0,3,3,3,3,3,3,1,2,2,3,3,3,3,3,3,2,3,3,4,26,19,7,23,49,53,1,1,1,1,1,1,0,0,1,1,1,1,1,1,1,0,0,1,1,1,1,1,1,0,1,1,4,7,9,7,7,14,18,1,1,1
"128","EA_DQCT_ Centro Terapêutico Reconstruir (fazenda)","EA_DQCT_ Centro Terapêutico Reconstruir (escritório)",1,1,0,1,1,1,0,1,3,3,3,3,3,3,1,1,1,3,3,3,3,3,3,3,3,3,4,24,19,5,24,48,52,1,1,0,1,1,1,0,1,1,1,1,1,1,1,1,1,1,1,1,1,1,1,1,1,1,1,4,9,9,5,8,17,21,1,1,1
"129","EA_DQCT_ Grupo de Apoio à Família e aos Dependentes Químicos – GAFADEQUI","EA_DQCT_ Grupo de Apoio à Família e aos Dependentes Químicos – GAFADEQUI (Administração, triagem e apoio aos familiares)",1,0,0,1,1,1,1,1,3,3,3,3,3,3,1,1,1,3,3,3,3,3,3,3,3,3,5,24,19,5,24,48,53,1,0,0,1,1,1,1,1,1,1,1,1,1,1,1,1,1,1,1,1,1,1,1,1,1,1,5,9,9,5,8,17,22,1,1,1
"130","EA_DQCT_ Grupo de Apoio à Família e aos Dependentes Químicos – GAFADEQUI.1","EA_DQCT_ Grupo de Apoio à Família e aos Dependentes Químicos – GAFADEQUI (Administração, triagem e apoio aos familiares)",1,1,0,1,1,1,1,1,3,3,3,3,3,3,1,1,1,3,3,3,3,3,3,3,3,3,5,24,19,5,24,48,53,1,1,0,1,1,1,1,1,1,1,1,1,1,1,1,1,1,1,1,1,1,1,1,1,1,1,5,9,9,5,8,17,22,1,1,1
"131","UAP_URB_ Cruzeiro do Sul","EA_DQCT_ Associação Projeto Amor e Restauração – APAR",1,0,0,1,1,1,0,0,3,3,3,3,2,3,1,3,3,3,3,3,3,3,3,3,3,3,3,27,18,9,24,51,54,1,0,0,1,1,1,0,0,1,1,1,1,0,1,1,-1,-1,1,1,1,1,1,1,1,1,1,3,4,8,9,8,12,15,1,1,1
"132","EA_DQCT_ Vila Verde (Unidade Borboleta)","EA_DQCT_ Vila Verde (Unidade Bromélias)",1,1,0,1,1,1,0,1,3,3,3,3,3,3,3,3,1,3,3,3,3,3,3,3,3,3,4,28,21,7,24,52,56,1,1,0,1,1,1,0,1,1,1,1,1,1,1,-1,-1,1,1,1,1,1,1,1,1,1,1,4,5,7,7,8,13,17,1,1,1
"133","ASS_HOS_ Clínica Vila Verde (Hospital Dia)","EA_DQCT_ Vila Verde (Unidade Bromélias)",1,1,1,1,1,1,1,0,3,3,3,3,3,3,3,1,3,3,3,3,3,3,3,3,3,3,5,28,21,7,24,52,57,1,1,1,1,1,1,1,0,1,1,1,1,1,1,-1,1,-1,1,1,1,1,1,1,1,1,1,5,5,7,7,8,13,18,1,1,1
"134","EA_DQCT_ Comunidade Terapêutica Família em Cristo","EA_DQCT_ Centro Metodista de Assistência aos Toxicômanos – CEMAT",1,0,0,0,0,1,0,0,3,3,2,3,3,3,1,1,1,3,3,3,2,3,3,3,3,3,1,23,18,5,23,46,47,1,0,0,0,0,1,0,0,1,1,0,1,1,1,1,1,1,1,1,1,0,1,1,1,1,1,1,8,8,5,7,15,16,1,1,1
"135","EA_DQCT_ Centro de Recuperação SOS Vida","EA_DQCT_ Comunidade Terapêutica Família em Cristo",1,0,0,0,0,1,1,0,2,3,1,2,1,3,3,3,3,1,1,1,1,1,1,1,3,3,2,22,15,7,12,34,36,1,0,0,0,0,1,1,0,0,1,-1,0,-1,1,-1,-1,-1,-1,-1,-1,-1,-1,-1,-1,1,1,2,-3,1,7,-4,-7,-5,1,1,1
"136","EA_DQCT_ Associação Beneficente Cristã Restituir","EA_DQCT_ Centro Terapêutico Reconstruir (fazenda)",1,1,1,1,1,1,0,0,3,3,3,3,3,3,1,2,2,3,3,3,3,3,3,2,3,3,4,26,19,7,23,49,53,1,1,1,1,1,1,0,0,1,1,1,1,1,1,1,0,0,1,1,1,1,1,1,0,1,1,4,7,9,7,7,14,18,1,1,1
"137","EA_DQCT_ Centro Terapêutico Reconstruir (escritório)","EA_DQCT_ Centro Terapêutico Reconstruir (fazenda)",1,1,1,0,1,1,1,0,3,3,3,3,3,3,1,1,1,3,3,3,3,3,3,3,3,3,4,24,19,5,24,48,52,1,1,1,0,1,1,1,0,1,1,1,1,1,1,1,1,1,1,1,1,1,1,1,1,1,1,4,9,9,5,8,17,21,1,1,1
"138","EA_DQCT_ Grupo de Apoio à Família e aos Dependentes Químicos – GAFADEQUI (Administração, triagem e apoio aos familiares)","EA_DQCT_ Grupo de Apoio à Família e aos Dependentes Químicos – GAFADEQUI",1,1,1,0,1,1,0,1,3,3,3,3,3,3,1,1,1,3,3,3,3,3,3,3,3,3,4,24,19,5,24,48,52,1,1,1,0,1,1,0,1,1,1,1,1,1,1,1,1,1,1,1,1,1,1,1,1,1,1,4,9,9,5,8,17,21,1,1,1
"139","EA_DQCT_ Grupo de Apoio à Família e aos Dependentes Químicos – GAFADEQUI.1","EA_DQCT_ Grupo de Apoio à Família e aos Dependentes Químicos – GAFADEQUI",1,1,1,1,1,1,1,1,3,3,3,3,3,3,1,1,1,3,3,3,3,3,3,3,3,3,6,24,19,5,24,48,54,1,1,1,1,1,1,1,1,1,1,1,1,1,1,1,1,1,1,1,1,1,1,1,1,1,1,6,9,9,5,8,17,23,1,1,1
"140","EA_DQCT_ Vila Verde (Unidade Bromélias)","EA_DQCT_ Vila Verde (Unidade Borboleta)",1,1,1,1,1,1,1,0,3,3,3,2,3,3,1,1,1,3,3,3,2,2,3,3,3,3,5,23,18,5,22,45,50,1,1,1,1,1,1,1,0,1,1,1,0,1,1,1,1,1,1,1,1,0,0,1,1,1,1,5,8,8,5,6,14,19,1,1,1
"141","ASS_HOS_ Clínica Vila Verde (Hospital Dia)","EA_DQCT_ Vila Verde (Unidade Borboleta)",1,1,1,1,1,1,1,0,3,3,3,3,3,3,3,1,3,3,3,3,3,3,3,3,3,3,5,28,21,7,24,52,57,1,1,1,1,1,1,1,0,1,1,1,1,1,1,-1,1,-1,1,1,1,1,1,1,1,1,1,5,5,7,7,8,13,18,1,1,1
"142","EA_DQCT_ Centro de Recuperação Resgatando Vidas (Escritório)","EA_DQCT_ Centro de Recuperação Resgatando Vidas",1,0,1,1,1,1,1,1,3,3,3,3,3,3,1,1,1,3,3,3,3,3,3,3,3,3,6,24,19,5,24,48,54,1,0,1,1,1,1,1,1,1,1,1,1,1,1,1,1,1,1,1,1,1,1,1,1,1,1,6,9,9,5,8,17,23,1,1,1
"143","ENT_SOC_ Território Aliança pela Vida  Zona Norte","EA_DQCT_ Centro de Recuperação Resgatando Vidas",1,1,1,1,1,1,0,1,3,3,3,3,3,3,3,1,1,3,3,3,3,3,3,3,3,3,5,26,21,5,24,50,55,1,1,1,1,1,1,0,1,1,1,1,1,1,1,-1,1,1,1,1,1,1,1,1,1,1,1,5,7,7,5,8,15,20,1,1,1
"144","EA_DQCT_ Grupo de Apoio à Família e aos Dependentes Químicos – GAFADEQUI (Administração, triagem e apoio aos familiares)","EA_DQCT_ Grupo de Apoio à Família e aos Dependentes Químicos – GAFADEQUI.1",1,1,1,0,1,1,0,1,3,3,3,3,3,3,1,1,1,3,3,3,3,3,3,3,3,3,4,24,19,5,24,48,52,1,1,1,0,1,1,0,1,1,1,1,1,1,1,1,1,1,1,1,1,1,1,1,1,1,1,4,9,9,5,8,17,21,1,1,1
"145","EA_DQCT_ Grupo de Apoio à Família e aos Dependentes Químicos – GAFADEQUI","EA_DQCT_ Grupo de Apoio à Família e aos Dependentes Químicos – GAFADEQUI.1",1,0,1,1,1,1,1,1,3,3,3,3,3,3,1,1,1,3,3,3,3,3,3,3,3,3,6,24,19,5,24,48,54,1,0,1,1,1,1,1,1,1,1,1,1,1,1,1,1,1,1,1,1,1,1,1,1,1,1,6,9,9,5,8,17,23,1,1,1
"146","CAPS_CO_ CAPS HU","RES_TER_ Casa 6",1,1,0,1,1,1,1,0,3,3,3,3,2,2,3,1,3,2,2,2,3,2,3,2,3,3,4,25,19,6,20,45,49,1,1,0,1,1,1,1,0,1,1,1,1,0,0,-1,1,-1,0,0,0,1,0,1,0,1,1,4,3,5,6,4,7,11,1,1,1
"147","ENT_SOC_ Associação Casa Viva","RES_TER_ Casa V1",1,1,1,1,1,1,1,0,3,3,3,3,3,3,1,2,1,3,3,3,3,3,3,3,3,3,5,25,19,6,24,49,54,1,1,1,1,1,1,1,0,1,1,1,1,1,1,1,0,1,1,1,1,1,1,1,1,1,1,5,8,9,6,8,16,21,1,1,1
"148","ENT_SOC_ Associação Casa Viva","RES_TER_ Casa V2",1,1,1,1,1,1,1,0,3,3,3,3,3,3,1,2,1,3,3,3,3,3,3,3,3,3,5,25,19,6,24,49,54,1,1,1,1,1,1,1,0,1,1,1,1,1,1,1,0,1,1,1,1,1,1,1,1,1,1,5,8,9,6,8,16,21,1,1,1
"149","ENT_SOC_ Associação Casa Viva","RES_TER_ Casa V3",1,1,1,1,1,1,1,0,3,3,3,3,3,3,1,2,1,3,3,3,3,3,3,3,3,3,5,25,19,6,24,49,54,1,1,1,1,1,1,1,0,1,1,1,1,1,1,1,0,1,1,1,1,1,1,1,1,1,1,5,8,9,6,8,16,21,1,1,1
"150","ENT_SOC_ Associação Casa Viva","RES_TER_ Casa V4",1,1,1,1,1,1,1,0,3,3,3,3,3,3,1,2,1,3,3,3,3,3,3,3,3,3,5,25,19,6,24,49,54,1,1,1,1,1,1,1,0,1,1,1,1,1,1,1,0,1,1,1,1,1,1,1,1,1,1,5,8,9,6,8,16,21,1,1,1
"151","ENT_SOC_ Associação Casa Viva","RES_TER_ Casa V5",1,1,1,1,1,1,1,0,3,3,3,3,3,3,1,2,1,3,3,3,3,3,3,3,3,3,5,25,19,6,24,49,54,1,1,1,1,1,1,1,0,1,1,1,1,1,1,1,0,1,1,1,1,1,1,1,1,1,1,5,8,9,6,8,16,21,1,1,1
"152","ENT_SOC_ Associação Casa Viva","RES_TER_ Casa V6",1,1,1,1,1,1,1,0,3,3,3,3,3,3,1,2,1,3,3,3,3,3,3,3,3,3,5,25,19,6,24,49,54,1,1,1,1,1,1,1,0,1,1,1,1,1,1,1,0,1,1,1,1,1,1,1,1,1,1,5,8,9,6,8,16,21,1,1,1
"153","ENT_SOC_ Associação Beneficente e Cultural Amigos do Noivo (ABAN)","ENT_SOC_ Associação Beneficente e Cultural Amigos do Noivo (ABAN) (Matriz)",1,1,0,1,1,1,1,1,3,3,3,3,3,3,1,1,1,3,3,3,3,3,3,3,3,3,5,24,19,5,24,48,53,1,1,0,1,1,1,1,1,1,1,1,1,1,1,1,1,1,1,1,1,1,1,1,1,1,1,5,9,9,5,8,17,22,1,1,1
"154","CRAS_AS_ CRAS Norte Benfica","ENT_SOC_ Instituto Veredas (Projeto, Assessoria e Prática em Saúde Mental) // Serviço de Referência para Adolescentes do Instituto Veredas",1,1,1,1,1,1,0,0,3,3,3,3,3,3,3,3,2,2,2,2,2,2,2,2,3,3,4,28,21,7,18,46,50,1,1,1,1,1,1,0,0,1,1,1,1,1,1,-1,-1,0,0,0,0,0,0,0,0,1,1,4,4,7,7,2,6,10,1,1,1
"155","CRAS_AS_ CRAS Norte Benfica","ENT_SOC_ Casa de Acolhimento à Infância e Adolescente (CAIA)",1,1,1,1,1,1,0,0,3,3,3,3,3,3,3,3,2,2,2,2,2,2,2,2,3,3,4,28,21,7,18,46,50,1,1,1,1,1,1,0,0,1,1,1,1,1,1,-1,-1,0,0,0,0,0,0,0,0,1,1,4,4,7,7,2,6,10,1,1,1
"156","EA_DQCT_ Associação Beneficente Cristã Restituir","ENT_SOC_ Fundação Maria Mãe",1,0,1,1,1,1,0,0,3,3,3,3,3,3,1,2,2,3,3,3,3,3,3,2,3,3,4,26,19,7,23,49,53,1,0,1,1,1,1,0,0,1,1,1,1,1,1,1,0,0,1,1,1,1,1,1,0,1,1,4,7,9,7,7,14,18,1,1,1
"157","ENT_SOC_ Associação Casa Viva","ENT_SOC_ Fundação Maria Mãe",1,0,1,1,0,1,1,0,1,3,2,1,3,1,1,2,1,1,1,1,3,2,3,2,3,3,4,16,12,4,18,34,38,1,0,1,1,0,1,1,0,-1,1,0,-1,1,-1,1,0,1,-1,-1,-1,1,0,1,0,1,1,4,1,2,4,2,3,7,1,1,1
"158","EA_DQCT_ Associação Beneficente Cristã Restituir","ENT_SOC_ Associação Casa Viva",1,1,1,1,1,1,0,0,3,3,3,3,3,3,1,2,2,3,3,3,3,3,3,2,3,3,4,26,19,7,23,49,53,1,1,1,1,1,1,0,0,1,1,1,1,1,1,1,0,0,1,1,1,1,1,1,0,1,1,4,7,9,7,7,14,18,1,1,1
"159","ENT_SOC_ Território Aliança pela Vida  Zona Norte","ENT_SOC_ Associação Casa Viva",1,1,1,0,1,1,0,1,3,3,3,3,3,3,3,1,1,3,3,3,3,3,3,3,3,3,4,26,21,5,24,50,54,1,1,1,0,1,1,0,1,1,1,1,1,1,1,-1,1,1,1,1,1,1,1,1,1,1,1,4,7,7,5,8,15,19,1,1,1
"160","RES_TER_ Casa V1","ENT_SOC_ Associação Casa Viva",1,1,1,1,1,1,0,0,3,3,3,3,3,3,1,1,3,3,3,3,3,3,3,3,3,3,4,26,19,7,24,50,54,1,1,1,1,1,1,0,0,1,1,1,1,1,1,1,1,-1,1,1,1,1,1,1,1,1,1,4,7,9,7,8,15,19,1,1,1
"161","RES_TER_ Casa V2","ENT_SOC_ Associação Casa Viva",1,1,1,1,1,1,0,0,3,3,3,3,3,3,1,1,1,3,3,3,3,3,3,3,3,3,4,24,19,5,24,48,52,1,1,1,1,1,1,0,0,1,1,1,1,1,1,1,1,1,1,1,1,1,1,1,1,1,1,4,9,9,5,8,17,21,1,1,1
"162","RES_TER_ Casa V3","ENT_SOC_ Associação Casa Viva",1,1,1,1,1,1,0,0,3,3,3,3,3,3,1,1,1,3,3,3,3,3,3,3,3,3,4,24,19,5,24,48,52,1,1,1,1,1,1,0,0,1,1,1,1,1,1,1,1,1,1,1,1,1,1,1,1,1,1,4,9,9,5,8,17,21,1,1,1
"163","RES_TER_ Casa V4","ENT_SOC_ Associação Casa Viva",1,1,1,1,1,1,0,0,3,3,3,3,3,3,1,1,1,3,3,3,3,3,3,3,3,3,4,24,19,5,24,48,52,1,1,1,1,1,1,0,0,1,1,1,1,1,1,1,1,1,1,1,1,1,1,1,1,1,1,4,9,9,5,8,17,21,1,1,1
"164","RES_TER_ Casa V5","ENT_SOC_ Associação Casa Viva",1,1,1,1,1,1,0,0,3,3,3,3,3,3,1,1,1,3,3,3,3,3,3,3,3,3,4,24,19,5,24,48,52,1,1,1,1,1,1,0,0,1,1,1,1,1,1,1,1,1,1,1,1,1,1,1,1,1,1,4,9,9,5,8,17,21,1,1,1
"165","RES_TER_ Casa V6","ENT_SOC_ Associação Casa Viva",1,1,1,1,1,1,0,0,3,3,3,3,3,3,1,1,3,3,3,3,3,3,3,3,3,3,4,26,19,7,24,50,54,1,1,1,1,1,1,0,0,1,1,1,1,1,1,1,1,-1,1,1,1,1,1,1,1,1,1,4,7,9,7,8,15,19,1,1,1
"166","CON_RUA_ Equipe de Consultório na Rua (UAPS de referência Vila Ideal)","ENT_SOC_ Associação Casa Viva",1,1,1,1,1,1,1,0,3,3,3,3,3,3,1,1,1,3,3,3,3,3,3,3,3,3,5,24,19,5,24,48,53,1,1,1,1,1,1,1,0,1,1,1,1,1,1,1,1,1,1,1,1,1,1,1,1,1,1,5,9,9,5,8,17,22,1,1,1
"167","CON_RUA_ Equipe de Consultório na Rua (Associação Casa Viva)","ENT_SOC_ Associação Casa Viva",1,1,1,1,1,1,1,0,3,3,3,3,3,3,1,1,1,3,3,3,3,3,3,3,3,3,5,24,19,5,24,48,53,1,1,1,1,1,1,1,0,1,1,1,1,1,1,1,1,1,1,1,1,1,1,1,1,1,1,5,9,9,5,8,17,22,1,1,1
"168","ENT_SOC_ Associação Beneficente e Cultural Amigos do Noivo (ABAN)","ENT_SOC_ Associação Beneficente e Cultural Amigos do Noivo (ABAN) Dom Bosco",1,1,1,0,0,1,0,1,3,3,3,3,3,3,1,1,1,3,3,3,3,3,3,3,3,3,3,24,19,5,24,48,51,1,1,1,0,0,1,0,1,1,1,1,1,1,1,1,1,1,1,1,1,1,1,1,1,1,1,3,9,9,5,8,17,20,1,1,1
"169","RES_TER_ Casa 1","ENT_SOC_ Grupo Espírita de Ajuda aos Enfermos (GEDAE)",1,1,1,1,1,1,0,1,3,3,3,3,3,3,1,1,1,3,3,3,3,3,3,3,3,3,5,24,19,5,24,48,53,1,1,1,1,1,1,0,1,1,1,1,1,1,1,1,1,1,1,1,1,1,1,1,1,1,1,5,9,9,5,8,17,22,1,1,1
"170","RES_TER_ Casa 7","ENT_SOC_ Grupo Espírita de Ajuda aos Enfermos (GEDAE)",1,1,1,0,1,1,0,1,3,3,3,3,3,3,1,1,1,3,3,3,3,3,3,3,3,3,4,24,19,5,24,48,52,1,1,1,0,1,1,0,1,1,1,1,1,1,1,1,1,1,1,1,1,1,1,1,1,1,1,4,9,9,5,8,17,21,1,1,1
"171","ASS_HOS_ Serviço de Controle e Prevenção e Tratamento do Tabagismo (SECOPTT)","ASS_HOS_ Centro de Referência em Álcool e Drogas (RADCAS)  Hospital Universitário",1,1,1,1,1,1,1,0,3,3,3,3,3,3,1,1,1,3,3,3,3,3,3,3,3,3,5,24,19,5,24,48,53,1,1,1,1,1,1,1,0,1,1,1,1,1,1,1,1,1,1,1,1,1,1,1,1,1,1,5,9,9,5,8,17,22,1,1,1
"172","RES_TER_ Casa V1","ASS_HOS_ Hospital de Pronto Socorro – HPS",1,1,1,1,1,1,0,0,3,3,3,3,3,3,1,1,3,3,3,3,3,3,3,3,3,3,4,26,19,7,24,50,54,1,1,1,1,1,1,0,0,1,1,1,1,1,1,1,1,-1,1,1,1,1,1,1,1,1,1,4,7,9,7,8,15,19,1,1,1
"173","RES_TER_ Casa V2","ASS_HOS_ Hospital de Pronto Socorro – HPS",1,1,1,1,1,1,0,0,3,3,3,3,3,3,1,1,1,3,3,3,3,3,3,3,3,3,4,24,19,5,24,48,52,1,1,1,1,1,1,0,0,1,1,1,1,1,1,1,1,1,1,1,1,1,1,1,1,1,1,4,9,9,5,8,17,21,1,1,1
"174","RES_TER_ Casa V3","ASS_HOS_ Hospital de Pronto Socorro – HPS",1,1,1,1,1,1,0,0,3,3,3,3,3,3,1,1,1,3,3,3,3,3,3,3,3,3,4,24,19,5,24,48,52,1,1,1,1,1,1,0,0,1,1,1,1,1,1,1,1,1,1,1,1,1,1,1,1,1,1,4,9,9,5,8,17,21,1,1,1
"175","RES_TER_ Casa V4","ASS_HOS_ Hospital de Pronto Socorro – HPS",1,1,1,1,1,1,0,0,3,3,3,3,3,3,1,1,1,3,3,3,3,3,3,3,3,3,4,24,19,5,24,48,52,1,1,1,1,1,1,0,0,1,1,1,1,1,1,1,1,1,1,1,1,1,1,1,1,1,1,4,9,9,5,8,17,21,1,1,1
"176","RES_TER_ Casa V5","ASS_HOS_ Hospital de Pronto Socorro – HPS",1,1,1,1,1,1,0,0,3,3,3,3,3,3,1,1,1,3,3,3,3,3,3,3,3,3,4,24,19,5,24,48,52,1,1,1,1,1,1,0,0,1,1,1,1,1,1,1,1,1,1,1,1,1,1,1,1,1,1,4,9,9,5,8,17,21,1,1,1
"177","RES_TER_ Casa V6","ASS_HOS_ Hospital de Pronto Socorro – HPS",1,1,1,1,1,1,0,0,3,3,3,3,3,3,1,1,3,3,3,3,3,3,3,3,3,3,4,26,19,7,24,50,54,1,1,1,1,1,1,0,0,1,1,1,1,1,1,1,1,-1,1,1,1,1,1,1,1,1,1,4,7,9,7,8,15,19,1,1,1
"178","ENT_SOC_ Associação Casa Viva","ASS_HOS_ Hospital de Pronto Socorro – HPS",1,1,1,1,1,1,0,0,3,3,2,1,3,1,1,2,1,1,1,1,3,2,3,2,3,3,4,18,14,4,18,36,40,1,1,1,1,1,1,0,0,1,1,0,-1,1,-1,1,0,1,-1,-1,-1,1,0,1,0,1,1,4,3,4,4,2,5,9,1,1,1
"179","CAPS_CO_ CAPS HU","ASS_HOS_ Hospital de Pronto Socorro – HPS",1,1,1,1,1,1,0,0,3,3,3,3,2,2,1,1,1,2,2,2,3,3,3,2,3,3,4,21,17,4,21,42,46,1,1,1,1,1,1,0,0,1,1,1,1,0,0,1,1,1,0,0,0,1,1,1,0,1,1,4,7,7,4,5,12,16,1,1,1
"180","AMB_SAM_ Centro de Atenção à Saúde Mental (CASM)","ASS_HOS_ Hospital de Pronto Socorro – HPS",1,1,1,1,1,1,0,0,3,3,3,3,3,3,1,1,1,3,3,3,2,2,3,3,3,3,4,24,19,5,22,46,50,1,1,1,1,1,1,0,0,1,1,1,1,1,1,1,1,1,1,1,1,0,0,1,1,1,1,4,9,9,5,6,15,19,1,1,1
"181","UAP_RUR_ Igrejinha","ASS_HOS_ Serviço de Controle e Prevenção e Tratamento do Tabagismo (SECOPTT)",1,1,1,1,0,1,0,1,3,3,3,3,3,1,3,3,1,3,3,3,3,3,3,3,3,3,4,26,19,7,24,50,54,1,1,1,1,0,1,0,1,1,1,1,1,1,-1,-1,-1,1,1,1,1,1,1,1,1,1,1,4,3,5,7,8,11,15,1,1,1
"182","UAP_URB_ São Benedito","ASS_HOS_ Serviço de Controle e Prevenção e Tratamento do Tabagismo (SECOPTT)",1,1,0,1,0,1,0,1,3,3,3,3,3,3,1,1,1,3,3,3,3,3,3,3,3,3,3,24,19,5,24,48,51,1,1,0,1,0,1,0,1,1,1,1,1,1,1,1,1,1,1,1,1,1,1,1,1,1,1,3,9,9,5,8,17,20,1,1,1
"183","UAP_URB_ Bairro de Lourdes","ASS_HOS_ Serviço de Controle e Prevenção e Tratamento do Tabagismo (SECOPTT)",1,1,1,1,0,1,0,1,3,3,3,3,3,3,1,1,1,3,3,3,3,3,3,3,3,3,4,24,19,5,24,48,52,1,1,1,1,0,1,0,1,1,1,1,1,1,1,1,1,1,1,1,1,1,1,1,1,1,1,4,9,9,5,8,17,21,1,1,1
"184","UAP_URB_ Parque Guarani","ASS_HOS_ Serviço de Controle e Prevenção e Tratamento do Tabagismo (SECOPTT)",1,0,0,1,0,1,0,1,3,3,3,3,3,3,1,2,1,3,3,3,3,3,3,3,3,3,3,25,19,6,24,49,52,1,0,0,1,0,1,0,1,1,1,1,1,1,1,1,0,1,1,1,1,1,1,1,1,1,1,3,8,9,6,8,16,19,1,1,1
"185","UAP_URB_ São Pedro","ASS_HOS_ Serviço de Controle e Prevenção e Tratamento do Tabagismo (SECOPTT)",1,1,1,1,1,1,0,0,3,3,3,3,3,3,3,3,3,3,3,3,3,3,3,3,3,3,4,30,21,9,24,54,58,1,1,1,1,1,1,0,0,1,1,1,1,1,1,-1,-1,-1,1,1,1,1,1,1,1,1,1,4,3,7,9,8,11,15,1,1,1
"186","EA_DQCT_ Centro de Recuperação Resgatando Vidas (Escritório)","ASS_HOS_ Hospital Ana Nery",1,1,1,1,1,1,0,0,1,3,1,1,1,1,1,1,3,2,2,3,1,3,3,1,3,3,4,15,9,6,19,34,38,1,1,1,1,1,1,0,0,-1,1,-1,-1,-1,-1,1,1,-1,0,0,1,-1,1,1,-1,1,1,4,-3,-1,6,3,0,4,1,1,1
"187","RES_TER_ Casa V1","ASS_HOS_ Hospital Ana Nery",1,1,1,1,1,1,0,0,3,3,3,3,3,3,1,1,3,3,3,3,3,3,3,3,3,3,4,26,19,7,24,50,54,1,1,1,1,1,1,0,0,1,1,1,1,1,1,1,1,-1,1,1,1,1,1,1,1,1,1,4,7,9,7,8,15,19,1,1,1
"188","RES_TER_ Casa V2","ASS_HOS_ Hospital Ana Nery",1,1,1,1,1,1,0,0,3,3,3,3,3,3,1,1,1,3,3,3,3,3,3,3,3,3,4,24,19,5,24,48,52,1,1,1,1,1,1,0,0,1,1,1,1,1,1,1,1,1,1,1,1,1,1,1,1,1,1,4,9,9,5,8,17,21,1,1,1
"189","RES_TER_ Casa V3","ASS_HOS_ Hospital Ana Nery",1,1,1,1,1,1,0,0,3,3,3,3,3,3,1,1,1,3,3,3,3,3,3,3,3,3,4,24,19,5,24,48,52,1,1,1,1,1,1,0,0,1,1,1,1,1,1,1,1,1,1,1,1,1,1,1,1,1,1,4,9,9,5,8,17,21,1,1,1
"190","RES_TER_ Casa V4","ASS_HOS_ Hospital Ana Nery",1,1,1,1,1,1,0,0,3,3,3,3,3,3,1,1,1,3,3,3,3,3,3,3,3,3,4,24,19,5,24,48,52,1,1,1,1,1,1,0,0,1,1,1,1,1,1,1,1,1,1,1,1,1,1,1,1,1,1,4,9,9,5,8,17,21,1,1,1
"191","RES_TER_ Casa V5","ASS_HOS_ Hospital Ana Nery",1,1,1,1,1,1,0,0,3,3,3,3,3,3,1,1,1,3,3,3,3,3,3,3,3,3,4,24,19,5,24,48,52,1,1,1,1,1,1,0,0,1,1,1,1,1,1,1,1,1,1,1,1,1,1,1,1,1,1,4,9,9,5,8,17,21,1,1,1
"192","RES_TER_ Casa V6","ASS_HOS_ Hospital Ana Nery",1,1,1,1,1,1,0,0,3,3,3,3,3,3,1,1,3,3,3,3,3,3,3,3,3,3,4,26,19,7,24,50,54,1,1,1,1,1,1,0,0,1,1,1,1,1,1,1,1,-1,1,1,1,1,1,1,1,1,1,4,7,9,7,8,15,19,1,1,1
"193","ASS_HOS_ Hospital de Pronto Socorro – HPS","ASS_HOS_ Hospital Ana Nery",1,1,1,1,1,1,0,0,3,3,2,2,2,3,1,2,2,2,3,3,2,2,2,2,3,3,4,22,16,6,20,42,46,1,1,1,1,1,1,0,0,1,1,0,0,0,1,1,0,0,0,1,1,0,0,0,0,1,1,4,4,6,6,4,8,12,1,1,1
"194","EA_DQCT_ Vila Verde (Unidade Bromélias)","ASS_HOS_ Clínica Vila Verde (Hospital Dia)",1,1,1,1,1,1,1,0,3,3,3,2,3,3,1,1,1,3,3,3,2,2,3,3,3,3,5,23,18,5,22,45,50,1,1,1,1,1,1,1,0,1,1,1,0,1,1,1,1,1,1,1,1,0,0,1,1,1,1,5,8,8,5,6,14,19,1,1,1
"195","EA_DQCT_ Vila Verde (Unidade Borboleta)","ASS_HOS_ Clínica Vila Verde (Hospital Dia)",1,1,1,1,1,1,0,0,3,3,3,3,3,3,2,3,1,3,3,3,3,3,3,3,3,3,4,27,20,7,24,51,55,1,1,1,1,1,1,0,0,1,1,1,1,1,1,0,-1,1,1,1,1,1,1,1,1,1,1,4,6,8,7,8,14,18,1,1,1
"196","ENT_SOC_ Associação Casa Viva","ASS_HOS_ Casa de Saúde Esperança",1,1,1,1,1,1,0,0,3,3,2,1,3,1,1,2,1,1,1,1,3,2,3,2,3,3,4,18,14,4,18,36,40,1,1,1,1,1,1,0,0,1,1,0,-1,1,-1,1,0,1,-1,-1,-1,1,0,1,0,1,1,4,3,4,4,2,5,9,1,1,1
"197","ASS_HOS_ Hospital de Pronto Socorro – HPS","ASS_HOS_ Casa de Saúde Esperança",1,1,1,1,1,1,0,0,3,3,2,2,2,3,1,2,2,2,3,3,2,2,2,2,3,3,4,22,16,6,20,42,46,1,1,1,1,1,1,0,0,1,1,0,0,0,1,1,0,0,0,1,1,0,0,0,0,1,1,4,4,6,6,4,8,12,1,1,1
"198","RES_TER_ Casa V1","CAPS_CO_ CAPS Casa Viva",1,1,1,1,1,1,0,1,3,3,3,3,3,3,1,1,3,3,3,3,3,3,3,3,3,3,5,26,19,7,24,50,55,1,1,1,1,1,1,0,1,1,1,1,1,1,1,1,1,-1,1,1,1,1,1,1,1,1,1,5,7,9,7,8,15,20,1,1,1
"199","RES_TER_ Casa V2","CAPS_CO_ CAPS Casa Viva",1,1,1,1,1,1,0,1,3,3,3,3,3,3,1,1,1,3,3,3,3,3,3,3,3,3,5,24,19,5,24,48,53,1,1,1,1,1,1,0,1,1,1,1,1,1,1,1,1,1,1,1,1,1,1,1,1,1,1,5,9,9,5,8,17,22,1,1,1
"200","RES_TER_ Casa V3","CAPS_CO_ CAPS Casa Viva",1,1,1,1,1,1,0,1,3,3,3,3,3,3,1,1,1,3,3,3,3,3,3,3,3,3,5,24,19,5,24,48,53,1,1,1,1,1,1,0,1,1,1,1,1,1,1,1,1,1,1,1,1,1,1,1,1,1,1,5,9,9,5,8,17,22,1,1,1
"201","RES_TER_ Casa V4","CAPS_CO_ CAPS Casa Viva",1,1,1,1,1,1,0,1,3,3,3,3,3,3,1,1,1,3,3,3,3,3,3,3,3,3,5,24,19,5,24,48,53,1,1,1,1,1,1,0,1,1,1,1,1,1,1,1,1,1,1,1,1,1,1,1,1,1,1,5,9,9,5,8,17,22,1,1,1
"202","RES_TER_ Casa V5","CAPS_CO_ CAPS Casa Viva",1,1,1,1,1,1,0,1,3,3,3,3,3,3,1,1,1,3,3,3,3,3,3,3,3,3,5,24,19,5,24,48,53,1,1,1,1,1,1,0,1,1,1,1,1,1,1,1,1,1,1,1,1,1,1,1,1,1,1,5,9,9,5,8,17,22,1,1,1
"203","RES_TER_ Casa V6","CAPS_CO_ CAPS Casa Viva",1,1,1,1,1,1,0,1,3,3,3,3,3,3,1,1,3,3,3,3,3,3,3,3,3,3,5,26,19,7,24,50,55,1,1,1,1,1,1,0,1,1,1,1,1,1,1,1,1,-1,1,1,1,1,1,1,1,1,1,5,7,9,7,8,15,20,1,1,1
"204","ENT_SOC_ Associação Casa Viva","CAPS_CO_ CAPS Casa Viva",1,1,1,1,1,1,0,1,3,3,2,3,3,3,1,2,1,3,3,3,3,3,3,3,3,3,5,24,18,6,24,48,53,1,1,1,1,1,1,0,1,1,1,0,1,1,1,1,0,1,1,1,1,1,1,1,1,1,1,5,7,8,6,8,15,20,1,1,1
"205","ASS_HOS_ Hospital de Pronto Socorro – HPS","CAPS_CO_ CAPS Casa Viva",1,1,1,1,1,1,0,0,3,3,2,2,2,3,1,2,2,2,3,3,2,2,2,2,3,3,4,22,16,6,20,42,46,1,1,1,1,1,1,0,0,1,1,0,0,0,1,1,0,0,0,1,1,0,0,0,0,1,1,4,4,6,6,4,8,12,1,1,1
"206","CRE_SOC_ CREAS Idoso e Mulher","CAPS_CO_ CAPS Casa Viva",1,1,1,1,1,1,0,0,3,3,3,3,3,3,1,1,1,3,3,3,3,3,3,3,3,3,4,24,19,5,24,48,52,1,1,1,1,1,1,0,0,1,1,1,1,1,1,1,1,1,1,1,1,1,1,1,1,1,1,4,9,9,5,8,17,21,1,1,1
"207","CRE_SOC_ CREAS Norte","CAPS_CO_ CAPS Casa Viva",1,1,0,0,1,1,0,0,3,3,3,1,3,3,1,1,1,3,3,3,3,3,3,3,3,3,2,22,17,5,24,46,48,1,1,0,0,1,1,0,0,1,1,1,-1,1,1,1,1,1,1,1,1,1,1,1,1,1,1,2,7,7,5,8,15,17,1,1,1
"208","UAP_URB_ São Pedro","CAPS_CO_ CAPS HU",1,1,1,1,1,1,0,0,3,3,3,3,3,3,3,3,3,3,3,3,3,3,3,3,3,3,4,30,21,9,24,54,58,1,1,1,1,1,1,0,0,1,1,1,1,1,1,-1,-1,-1,1,1,1,1,1,1,1,1,1,4,3,7,9,8,11,15,1,1,1
"209","ENT_SOC_ Associação Casa Viva","CAPS_CO_ CAPS HU",1,1,1,1,1,1,0,0,3,3,1,1,3,1,1,2,1,1,1,1,3,2,3,2,3,3,4,17,13,4,18,35,39,1,1,1,1,1,1,0,0,1,1,-1,-1,1,-1,1,0,1,-1,-1,-1,1,0,1,0,1,1,4,2,3,4,2,4,8,1,1,1
"210","ASS_HOS_ Hospital de Pronto Socorro – HPS","CAPS_CO_ CAPS HU",1,1,1,1,1,1,0,0,3,3,2,2,2,3,1,2,2,2,3,3,2,2,2,2,3,3,4,22,16,6,20,42,46,1,1,1,1,1,1,0,0,1,1,0,0,0,1,1,0,0,0,1,1,0,0,0,0,1,1,4,4,6,6,4,8,12,1,1,1
"211","CRE_SOC_ CREAS Idoso e Mulher","CAPS_CO_ CAPS HU",1,1,1,1,1,1,0,0,3,3,3,3,3,3,1,1,1,3,3,3,3,3,3,3,3,3,4,24,19,5,24,48,52,1,1,1,1,1,1,0,0,1,1,1,1,1,1,1,1,1,1,1,1,1,1,1,1,1,1,4,9,9,5,8,17,21,1,1,1
"212","ENT_SOC_ Associação Casa Viva","CAPS_CO_ CAPS IJ",1,1,1,1,1,1,0,0,3,3,2,1,3,1,1,2,1,1,1,1,3,2,3,2,3,3,4,18,14,4,18,36,40,1,1,1,1,1,1,0,0,1,1,0,-1,1,-1,1,0,1,-1,-1,-1,1,0,1,0,1,1,4,3,4,4,2,5,9,1,1,1
"213","ASS_HOS_ Hospital de Pronto Socorro – HPS","CAPS_CO_ CAPS IJ",1,1,1,1,1,1,0,0,3,3,2,2,2,3,1,2,2,2,3,3,2,2,2,2,3,3,4,22,16,6,20,42,46,1,1,1,1,1,1,0,0,1,1,0,0,0,1,1,0,0,0,1,1,0,0,0,0,1,1,4,4,6,6,4,8,12,1,1,1
"214","CRE_SOC_ CREAS Idoso e Mulher","CAPS_CO_ CAPS IJ",1,1,1,1,1,1,0,0,3,3,3,3,3,3,1,1,1,3,3,3,3,3,3,3,3,3,4,24,19,5,24,48,52,1,1,1,1,1,1,0,0,1,1,1,1,1,1,1,1,1,1,1,1,1,1,1,1,1,1,4,9,9,5,8,17,21,1,1,1
"215","CRE_SOC_ CREAS Norte","CAPS_CO_ CAPS IJ",1,1,0,0,1,1,0,0,3,3,3,1,3,3,1,1,1,3,3,3,3,3,3,3,3,3,2,22,17,5,24,46,48,1,1,0,0,1,1,0,0,1,1,1,-1,1,1,1,1,1,1,1,1,1,1,1,1,1,1,2,7,7,5,8,15,17,1,1,1
"216","UAP_URB_ Alto Grajaú","CAPS_CO_ CAPS Leste",1,1,1,0,1,1,0,0,3,3,3,3,2,3,3,3,3,3,3,3,3,3,3,2,3,3,3,29,20,9,23,52,55,1,1,1,0,1,1,0,0,1,1,1,1,0,1,-1,-1,-1,1,1,1,1,1,1,0,1,1,3,2,6,9,7,9,12,1,1,1
"217","ENT_SOC_ Associação Casa Viva","CAPS_CO_ CAPS Leste",1,1,1,1,1,1,0,0,3,3,1,1,3,1,1,2,1,1,1,1,3,2,3,2,3,3,4,17,13,4,18,35,39,1,1,1,1,1,1,0,0,1,1,-1,-1,1,-1,1,0,1,-1,-1,-1,1,0,1,0,1,1,4,2,3,4,2,4,8,1,1,1
"218","ASS_HOS_ Hospital de Pronto Socorro – HPS","CAPS_CO_ CAPS Leste",1,1,1,1,1,1,0,0,3,3,2,2,2,3,1,2,2,2,3,3,2,2,2,2,3,3,4,22,16,6,20,42,46,1,1,1,1,1,1,0,0,1,1,0,0,0,1,1,0,0,0,1,1,0,0,0,0,1,1,4,4,6,6,4,8,12,1,1,1
"219","CRE_SOC_ CREAS Idoso e Mulher","CAPS_CO_ CAPS Leste",1,1,1,1,1,1,0,0,3,3,3,3,3,3,1,1,1,3,3,3,3,3,3,3,3,3,4,24,19,5,24,48,52,1,1,1,1,1,1,0,0,1,1,1,1,1,1,1,1,1,1,1,1,1,1,1,1,1,1,4,9,9,5,8,17,21,1,1,1
"220","EA_DQCT_ Associação Beneficente Cristã Restituir","CRAS_AS_ CRAS Centro",1,1,0,1,1,1,0,0,3,3,3,3,3,3,1,2,2,3,3,3,3,3,3,2,3,3,3,26,19,7,23,49,52,1,1,0,1,1,1,0,0,1,1,1,1,1,1,1,0,0,1,1,1,1,1,1,0,1,1,3,7,9,7,7,14,17,1,1,1
"221","RES_TER_ Casa V1","CRAS_AS_ CRAS Centro",1,1,1,1,1,1,0,0,3,3,3,3,3,3,1,1,3,3,3,3,3,3,3,3,3,3,4,26,19,7,24,50,54,1,1,1,1,1,1,0,0,1,1,1,1,1,1,1,1,-1,1,1,1,1,1,1,1,1,1,4,7,9,7,8,15,19,1,1,1
"222","UAP_RUR_ Igrejinha","CRAS_AS_ CRAS Norte Benfica",1,1,1,1,0,1,0,0,3,3,3,3,3,1,3,3,1,3,3,3,3,3,3,3,3,3,3,26,19,7,24,50,53,1,1,1,1,0,1,0,0,1,1,1,1,1,-1,-1,-1,1,1,1,1,1,1,1,1,1,1,3,3,5,7,8,11,14,1,1,1
"223","UAP_URB_ Nova Era","CRAS_AS_ CRAS Norte Benfica",1,1,1,0,0,1,0,0,3,3,3,1,1,1,1,1,3,3,3,2,3,2,3,1,3,3,2,20,13,7,20,40,42,1,1,1,0,0,1,0,0,1,1,1,-1,-1,-1,1,1,-1,1,1,0,1,0,1,-1,1,1,2,1,3,7,4,5,7,1,1,1
"224","UAP_URB_ Vila Esperança","CRAS_AS_ CRAS Norte Benfica",1,1,1,1,1,1,0,0,3,3,3,3,3,3,1,1,1,3,3,2,3,3,3,3,3,3,4,24,19,5,23,47,51,1,1,1,1,1,1,0,0,1,1,1,1,1,1,1,1,1,1,1,0,1,1,1,1,1,1,4,9,9,5,7,16,20,1,1,1
"225","ENT_SOC_ Território Aliança pela Vida  Zona Norte","CRAS_AS_ CRAS Norte Benfica",1,1,1,0,1,1,0,0,3,3,3,3,3,3,3,1,1,3,3,3,3,3,3,3,3,3,3,26,21,5,24,50,53,1,1,1,0,1,1,0,0,1,1,1,1,1,1,-1,1,1,1,1,1,1,1,1,1,1,1,3,7,7,5,8,15,18,1,1,1
"226","UAP_URB_ São Pedro","CRAS_AS_ CRAS Oeste São Pedro",1,1,1,1,1,1,0,0,3,3,3,3,3,3,3,3,3,3,3,3,3,3,3,3,3,3,4,30,21,9,24,54,58,1,1,1,1,1,1,0,0,1,1,1,1,1,1,-1,-1,-1,1,1,1,1,1,1,1,1,1,4,3,7,9,8,11,15,1,1,1
"227","RES_TER_ Casa V2","CRA_SOC_ CRAS Sul Ipiranga",1,1,1,1,1,1,0,0,3,3,3,3,3,3,1,1,1,3,3,3,3,3,3,3,3,3,4,24,19,5,24,48,52,1,1,1,1,1,1,0,0,1,1,1,1,1,1,1,1,1,1,1,1,1,1,1,1,1,1,4,9,9,5,8,17,21,1,1,1
"228","RES_TER_ Casa V3","CRA_SOC_ CRAS Sul Ipiranga",1,1,1,1,1,1,0,0,3,3,3,3,3,3,1,1,1,3,3,3,3,3,3,3,3,3,4,24,19,5,24,48,52,1,1,1,1,1,1,0,0,1,1,1,1,1,1,1,1,1,1,1,1,1,1,1,1,1,1,4,9,9,5,8,17,21,1,1,1
"229","RES_TER_ Casa V4","CRA_SOC_ CRAS Sul Ipiranga",1,1,1,1,1,1,0,0,3,3,3,3,3,3,1,1,1,3,3,3,3,3,3,3,3,3,4,24,19,5,24,48,52,1,1,1,1,1,1,0,0,1,1,1,1,1,1,1,1,1,1,1,1,1,1,1,1,1,1,4,9,9,5,8,17,21,1,1,1
"230","RES_TER_ Casa V5","CRA_SOC_ CRAS Sul Ipiranga",1,1,1,1,1,1,0,0,3,3,3,3,3,3,1,1,1,3,3,3,3,3,3,3,3,3,4,24,19,5,24,48,52,1,1,1,1,1,1,0,0,1,1,1,1,1,1,1,1,1,1,1,1,1,1,1,1,1,1,4,9,9,5,8,17,21,1,1,1
"231","RES_TER_ Casa V6","CRA_SOC_ CRAS Sul Ipiranga",1,1,1,1,1,1,0,0,3,3,3,3,3,3,1,1,3,3,3,3,3,3,3,3,3,3,4,26,19,7,24,50,54,1,1,1,1,1,1,0,0,1,1,1,1,1,1,1,1,-1,1,1,1,1,1,1,1,1,1,4,7,9,7,8,15,19,1,1,1
"232","ENT_SOC_ Associação Casa Viva","CRA_SOC_ CRAS Sul Ipiranga",1,1,1,1,1,1,1,0,3,3,3,3,3,3,1,2,1,1,1,1,3,2,3,1,3,3,5,23,19,4,17,40,45,1,1,1,1,1,1,1,0,1,1,1,1,1,1,1,0,1,-1,-1,-1,1,0,1,-1,1,1,5,8,9,4,1,9,14,1,1,1
"233","EA_DQCT_ Associação Beneficente Cristã Restituir","CRE_SOC_ CREAS População de Rua (CentroPop)",1,1,1,1,1,1,0,0,3,3,3,3,3,3,1,2,2,3,3,3,3,3,3,2,3,3,4,26,19,7,23,49,53,1,1,1,1,1,1,0,0,1,1,1,1,1,1,1,0,0,1,1,1,1,1,1,0,1,1,4,7,9,7,7,14,18,1,1,1
"234","ENT_SOC_ Associação Casa Viva","CRE_SOC_ CREAS População de Rua (CentroPop)",1,1,1,1,1,1,1,0,3,3,3,3,3,3,1,2,1,1,1,1,3,2,3,1,3,3,5,23,19,4,17,40,45,1,1,1,1,1,1,1,0,1,1,1,1,1,1,1,0,1,-1,-1,-1,1,0,1,-1,1,1,5,8,9,4,1,9,14,1,1,1
"235","ACO_INS_ Núcleo Cidadão de Rua Hebert de Souza","CRE_SOC_ CREAS População de Rua (CentroPop)",1,0,1,1,1,1,0,0,3,3,3,3,3,3,3,1,1,3,3,3,3,3,3,3,3,3,4,26,21,5,24,50,54,1,0,1,1,1,1,0,0,1,1,1,1,1,1,-1,1,1,1,1,1,1,1,1,1,1,1,4,7,7,5,8,15,19,1,1,1
"236","ACO_INS_ Casa da Cidadania","CRE_SOC_ CREAS População de Rua (CentroPop)",1,1,0,1,1,1,0,0,3,3,3,3,3,3,1,1,1,3,3,3,3,3,3,3,3,3,3,24,19,5,24,48,51,1,1,0,1,1,1,0,0,1,1,1,1,1,1,1,1,1,1,1,1,1,1,1,1,1,1,3,9,9,5,8,17,20,1,1,1
"237","UAP_RUR_ Igrejinha","CRE_SOC_ CREAS Norte",1,1,1,1,0,1,0,0,3,3,3,3,3,1,3,3,1,3,3,3,3,3,3,3,3,3,3,26,19,7,24,50,53,1,1,1,1,0,1,0,0,1,1,1,1,1,-1,-1,-1,1,1,1,1,1,1,1,1,1,1,3,3,5,7,8,11,14,1,1,1
"238","EA_DQCT_ Associação Beneficente Cristã Restituir","ACO_INS_ Núcleo Cidadão de Rua Hebert de Souza",1,1,1,1,1,1,0,0,3,3,3,3,3,3,1,2,2,3,3,3,3,3,3,2,3,3,4,26,19,7,23,49,53,1,1,1,1,1,1,0,0,1,1,1,1,1,1,1,0,0,1,1,1,1,1,1,0,1,1,4,7,9,7,7,14,18,1,1,1
"239","ENT_SOC_ Associação Casa Viva","ACO_INS_ Núcleo Cidadão de Rua Hebert de Souza",1,1,1,1,1,1,1,0,3,3,3,3,3,3,1,2,1,1,1,1,3,2,3,1,3,3,5,23,19,4,17,40,45,1,1,1,1,1,1,1,0,1,1,1,1,1,1,1,0,1,-1,-1,-1,1,0,1,-1,1,1,5,8,9,4,1,9,14,1,1,1
"240","CRE_SOC_ CREAS População de Rua (CentroPop)","ACO_INS_ Núcleo Cidadão de Rua Hebert de Souza",1,0,1,1,1,1,0,0,3,3,3,3,3,3,1,1,1,3,3,3,3,3,3,3,3,3,4,24,19,5,24,48,52,1,0,1,1,1,1,0,0,1,1,1,1,1,1,1,1,1,1,1,1,1,1,1,1,1,1,4,9,9,5,8,17,21,1,1,1
"241","ACO_INS_ Sociedade São Vicente de Paulo","ACO_INS_ Núcleo Cidadão de Rua Hebert de Souza",1,1,0,1,0,1,0,0,3,3,3,3,3,3,1,1,1,3,3,3,3,3,3,2,3,3,2,24,19,5,23,47,49,1,1,0,1,0,1,0,0,1,1,1,1,1,1,1,1,1,1,1,1,1,1,1,0,1,1,2,9,9,5,7,16,18,1,1,1
"242","ACO_INS_ Casa da Cidadania","ACO_INS_ Núcleo Cidadão de Rua Hebert de Souza",1,1,1,1,1,1,0,0,3,3,3,3,3,3,1,1,1,3,3,3,3,3,3,3,3,3,4,24,19,5,24,48,52,1,1,1,1,1,1,0,0,1,1,1,1,1,1,1,1,1,1,1,1,1,1,1,1,1,1,4,9,9,5,8,17,21,1,1,1
"243","EA_DQCT_ Associação Beneficente Cristã Restituir","ACO_INS_ Casa da Cidadania",1,0,1,1,1,1,0,0,3,3,3,3,3,3,1,2,2,3,3,3,3,3,3,2,3,3,4,26,19,7,23,49,53,1,0,1,1,1,1,0,0,1,1,1,1,1,1,1,0,0,1,1,1,1,1,1,0,1,1,4,7,9,7,7,14,18,1,1,1
"244","ENT_SOC_ Associação Casa Viva","ACO_INS_ Casa da Cidadania",1,0,1,1,0,1,1,0,3,3,3,1,3,1,1,2,1,1,1,1,3,2,3,2,3,3,4,19,15,4,18,37,41,1,0,1,1,0,1,1,0,1,1,1,-1,1,-1,1,0,1,-1,-1,-1,1,0,1,0,1,1,4,4,5,4,2,6,10,1,1,1
"245","CRE_SOC_ CREAS População de Rua (CentroPop)","ACO_INS_ Casa da Cidadania",1,0,1,1,1,1,0,0,3,3,3,3,3,3,1,1,1,3,3,3,3,3,3,3,3,3,4,24,19,5,24,48,52,1,0,1,1,1,1,0,0,1,1,1,1,1,1,1,1,1,1,1,1,1,1,1,1,1,1,4,9,9,5,8,17,21,1,1,1
"246","ACO_INS_ Núcleo Cidadão de Rua Hebert de Souza","ACO_INS_ Casa da Cidadania",1,0,1,1,1,1,0,0,3,3,3,3,3,3,3,1,1,3,3,3,3,3,3,3,3,3,4,26,21,5,24,50,54,1,0,1,1,1,1,0,0,1,1,1,1,1,1,-1,1,1,1,1,1,1,1,1,1,1,1,4,7,7,5,8,15,19,1,1,1
"247","RES_TER_ Casa V1","URG_EME_ Serviço de Atendimento Móvel de Urgência (SAMU)",1,1,1,1,1,1,0,0,2,3,3,1,1,1,1,1,2,1,3,3,3,1,3,1,3,3,4,16,12,4,20,36,40,1,1,1,1,1,1,0,0,0,1,1,-1,-1,-1,1,1,0,-1,1,1,1,-1,1,-1,1,1,4,1,2,4,4,5,9,1,1,1
"248","RES_TER_ Casa V2","URG_EME_ Serviço de Atendimento Móvel de Urgência (SAMU)",1,1,1,1,1,1,0,0,2,3,3,1,1,1,1,1,2,1,3,3,3,1,3,1,3,3,4,16,12,4,20,36,40,1,1,1,1,1,1,0,0,0,1,1,-1,-1,-1,1,1,0,-1,1,1,1,-1,1,-1,1,1,4,1,2,4,4,5,9,1,1,1
"249","RES_TER_ Casa V3","URG_EME_ Serviço de Atendimento Móvel de Urgência (SAMU)",1,1,1,1,1,1,0,0,2,3,3,1,1,1,1,1,2,1,3,3,3,1,3,1,3,3,4,16,12,4,20,36,40,1,1,1,1,1,1,0,0,0,1,1,-1,-1,-1,1,1,0,-1,1,1,1,-1,1,-1,1,1,4,1,2,4,4,5,9,1,1,1
"250","RES_TER_ Casa V4","URG_EME_ Serviço de Atendimento Móvel de Urgência (SAMU)",1,1,1,1,1,1,0,0,2,3,3,1,1,1,1,1,2,1,3,3,3,1,3,1,3,3,4,16,12,4,20,36,40,1,1,1,1,1,1,0,0,0,1,1,-1,-1,-1,1,1,0,-1,1,1,1,-1,1,-1,1,1,4,1,2,4,4,5,9,1,1,1
"251","RES_TER_ Casa V5","URG_EME_ Serviço de Atendimento Móvel de Urgência (SAMU)",1,1,1,1,1,1,0,0,2,3,3,1,1,1,1,1,2,1,3,3,3,1,3,1,3,3,4,16,12,4,20,36,40,1,1,1,1,1,1,0,0,0,1,1,-1,-1,-1,1,1,0,-1,1,1,1,-1,1,-1,1,1,4,1,2,4,4,5,9,1,1,1
"252","RES_TER_ Casa V6","URG_EME_ Serviço de Atendimento Móvel de Urgência (SAMU)",1,1,1,1,1,1,0,0,2,3,3,1,1,1,1,1,2,1,3,3,3,1,3,1,3,3,4,16,12,4,20,36,40,1,1,1,1,1,1,0,0,0,1,1,-1,-1,-1,1,1,0,-1,1,1,1,-1,1,-1,1,1,4,1,2,4,4,5,9,1,1,1
"253","ENT_SOC_ Associação Casa Viva","AMB_SAM_ Centro de Atenção à Saúde Mental (CASM)",1,1,1,1,0,1,0,0,3,3,1,1,3,1,1,2,1,1,1,1,3,2,3,2,3,3,3,17,13,4,18,35,38,1,1,1,1,0,1,0,0,1,1,-1,-1,1,-1,1,0,1,-1,-1,-1,1,0,1,0,1,1,3,2,3,4,2,4,7,1,1,1
"254","AJU_MUT_ Grupo N.A. Glória","CEN_CON_ Associação TRABALHARTE",1,1,1,1,1,1,1,1,3,2,2,2,2,2,2,2,2,2,2,2,2,2,2,2,2,2,6,21,15,6,16,37,43,1,1,1,1,1,1,1,1,1,0,0,0,0,0,0,0,0,0,0,0,0,0,0,0,0,0,6,1,3,6,0,1,7,1,1,1
"255","AJU_MUT_ Grupo A.A. 29 de Junho","CEN_CON_ Associação TRABALHARTE",0,1,1,1,1,1,1,1,1,1,1,1,1,1,1,1,1,1,1,1,1,1,1,1,1,1,6,10,7,3,8,18,24,0,1,1,1,1,1,1,1,-1,-1,-1,-1,-1,-1,1,1,1,-1,-1,-1,-1,-1,-1,-1,-1,-1,6,-3,-3,3,-8,-11,-5,1,1,1
"256","RES_TER_ Casa V1","CEN_CON_ Associação TRABALHARTE",1,1,1,1,1,1,0,1,3,3,3,3,3,3,1,1,3,3,3,3,3,3,3,3,3,3,5,26,19,7,24,50,55,1,1,1,1,1,1,0,1,1,1,1,1,1,1,1,1,-1,1,1,1,1,1,1,1,1,1,5,7,9,7,8,15,20,1,1,1
"257","RES_TER_ Casa V2","CEN_CON_ Associação TRABALHARTE",1,1,1,1,1,1,0,1,3,3,3,3,3,3,1,1,1,3,3,3,3,3,3,3,3,3,5,24,19,5,24,48,53,1,1,1,1,1,1,0,1,1,1,1,1,1,1,1,1,1,1,1,1,1,1,1,1,1,1,5,9,9,5,8,17,22,1,1,1
"258","RES_TER_ Casa V3","CEN_CON_ Associação TRABALHARTE",1,1,1,1,1,1,0,1,3,3,3,3,3,3,1,1,1,3,3,3,3,3,3,3,3,3,5,24,19,5,24,48,53,1,1,1,1,1,1,0,1,1,1,1,1,1,1,1,1,1,1,1,1,1,1,1,1,1,1,5,9,9,5,8,17,22,1,1,1
"259","RES_TER_ Casa V4","CEN_CON_ Associação TRABALHARTE",1,1,1,1,1,1,0,1,3,3,3,3,3,3,1,1,1,3,3,3,3,3,3,3,3,3,5,24,19,5,24,48,53,1,1,1,1,1,1,0,1,1,1,1,1,1,1,1,1,1,1,1,1,1,1,1,1,1,1,5,9,9,5,8,17,22,1,1,1
"260","RES_TER_ Casa V5","CEN_CON_ Associação TRABALHARTE",1,1,1,1,1,1,0,1,3,3,3,3,3,3,1,1,1,3,3,3,3,3,3,3,3,3,5,24,19,5,24,48,53,1,1,1,1,1,1,0,1,1,1,1,1,1,1,1,1,1,1,1,1,1,1,1,1,1,1,5,9,9,5,8,17,22,1,1,1
"261","RES_TER_ Casa V6","CEN_CON_ Associação TRABALHARTE",1,1,1,1,1,1,0,1,3,3,3,3,3,3,1,1,3,3,3,3,3,3,3,3,3,3,5,26,19,7,24,50,55,1,1,1,1,1,1,0,1,1,1,1,1,1,1,1,1,-1,1,1,1,1,1,1,1,1,1,5,7,9,7,8,15,20,1,1,1
"262","EA_DQCT_ Associação Beneficente Cristã Restituir","CON_RUA_ Equipe de Consultório na Rua (UAPS de referência Vila Ideal)",1,0,1,1,1,1,0,0,3,3,3,3,3,3,1,2,2,3,3,3,3,3,3,2,3,3,4,26,19,7,23,49,53,1,0,1,1,1,1,0,0,1,1,1,1,1,1,1,0,0,1,1,1,1,1,1,0,1,1,4,7,9,7,7,14,18,1,1,1
"263","ENT_SOC_ Associação Casa Viva","CON_RUA_ Equipe de Consultório na Rua (UAPS de referência Vila Ideal)",1,1,1,1,1,1,1,0,3,3,3,3,3,3,1,2,1,3,3,3,3,3,3,3,3,3,5,25,19,6,24,49,54,1,1,1,1,1,1,1,0,1,1,1,1,1,1,1,0,1,1,1,1,1,1,1,1,1,1,5,8,9,6,8,16,21,1,1,1
"264","EA_DQCT_ Associação Beneficente Cristã Restituir","CON_RUA_ Equipe de Consultório na Rua (Associação Casa Viva)",1,0,1,1,1,1,0,0,3,3,3,3,3,3,1,2,2,3,3,3,3,3,3,2,3,3,4,26,19,7,23,49,53,1,0,1,1,1,1,0,0,1,1,1,1,1,1,1,0,0,1,1,1,1,1,1,0,1,1,4,7,9,7,7,14,18,1,1,1
"265","ENT_SOC_ Território Aliança pela Vida  Zona Norte","CON_RUA_ Equipe de Consultório na Rua (Associação Casa Viva)",1,1,0,0,1,1,0,0,3,3,3,3,3,3,3,1,1,3,3,3,3,3,3,3,3,3,2,26,21,5,24,50,52,1,1,0,0,1,1,0,0,1,1,1,1,1,1,-1,1,1,1,1,1,1,1,1,1,1,1,2,7,7,5,8,15,17,1,1,1
"266","ENT_SOC_ Associação Casa Viva","CON_RUA_ Equipe de Consultório na Rua (Associação Casa Viva)",1,1,1,1,1,1,1,0,3,3,3,3,3,3,1,2,1,3,3,3,3,3,3,3,3,3,5,25,19,6,24,49,54,1,1,1,1,1,1,1,0,1,1,1,1,1,1,1,0,1,1,1,1,1,1,1,1,1,1,5,8,9,6,8,16,21,1,1,1
